Violation,Group
ABANDONING VEH. ON PUBLIC PROPERTY,Driving Fault
ABANDONING VEH. ON PUBLIC PROPERTY W/O PERMISSION,Driving Fault
AGGRESSIVE DRIVING,Driving Fault
ATTEMPT BY DRIVER TO ELUDE POLICE IN OFFICIAL POLICE VEH. BY FLEEING ON FOOT,Driving Fault
ATTEMPT BY DRIVER TO ELUDE UNIFORMED POLICE BY FLEEING ON FOOT,Driving Fault
DRIVE ACROSS PRIVATE PROPERTY  FOR THE PURPOSE OF AVOIDING TRAFFIC CONTROL DEVICE,Driving Fault
DRIVE ACROSS PRIVATE PROPERTY FOR THE PURPOSE OF AVOIDING TRAFFIC CONTROL DEVICE,Driving Fault
"DRIVE ACROSS PRIVATE PROPERTY, FOR THE PURPOSE OF AVOIDING TRAFFIC CONTROL DEVICE",Driving Fault
"DRIVE ACROSS PRIVATE PROPERTY, LEAVE THE ROADWAY FOR THE PURPOSE OF AVOIDING TRAFFIC CONTROL DEVICE",Driving Fault
"DRIVE ACROSS PRIVATE PROPERTY, LEAVE THE ROADWAYFOR THE PURPOSE OF AVOIDING TRAFFIC CONTROL DEVICE",Driving Fault
DRIVER BACKING MOTOR VEH. ON ROADWAY OF CONTROLLED ACCESS HWY.,Driving Fault
DRIVER BACKING MOTOR VEH. ON SHOULDER OF CONTROLLED ACCESS HWY.,Driving Fault
DRIVER CHANGING LANES WHEN UNSAFE,Driving Fault
DRIVER CHANGING LANES WHERE PROHIBITED BY TRAFFIC CONTROL DEVICE,Driving Fault
DRIVER FAIL TO COMPLY WITH LOCAL LAWS,Driving Fault
DRIVER FAIL TO YIELD INTERSECTION RIGHT-OF-WAY TO  VEH. AFTER TURN ON RED,Driving Fault
DRIVER FAIL TO YIELD INTERSECTION RIGHT-OF-WAY TO PEDESTRIAN AFTER TURN ON RED,Driving Fault
DRIVER FAIL TO YIELD INTERSECTION RIGHT-OF-WAY TO VEH AFTER TURN ON RED,Driving Fault
DRIVER FAIL TO YIELD INTERSECTION RIGHT-OF-WAY TO VEH. AFTER TURN ON RED,Driving Fault
DRIVER FAIL TO YIELD INTERSECTION RIGHT-OF-WAY TO VEHICLE AFTER TURN ON RED,Driving Fault
DRIVER FAILING TO MAKE LEFT TURN FROM LEFT TURN LANE,Driving Fault
"DRIVER FAILURE AT ""T"" INTERSECTION W/O TRAFFIC CONTROL DEVICE TO YIELD RIGHT-OF-WAY",Driving Fault
DRIVER FAILURE TO ENTER LAWFUL LANE AFTER LEFT TURN,Driving Fault
DRIVER FAILURE TO EXERCISE DUE CARE TO AVOID PEDESTRIAN COLLISION,Driving Fault
DRIVER FAILURE TO OBEY DESIGNATED LANE DIRECTIONS,Driving Fault
DRIVER FAILURE TO OBEY PROPERLY PLACED TRAFFIC CONTROL DEVICE INSTRUCTIONS,Driving Fault
DRIVER FAILURE TO OBEY TRAFFIC DEVICE ON MAKING TURN,Driving Fault
DRIVER FAILURE TO OBEY TRAFFIC LANE DIRECTIONS FOR BUS,Driving Fault
DRIVER FAILURE TO SOUND HORN WARNING TO PEDESTRIAN,Driving Fault
DRIVER FAILURE TO YIELD RIGHT OF WAY CROSSING HWY. FROM PRIVATE DRIVEWAY,Driving Fault
DRIVER FAILURE TO YIELD RIGHT OF WAY CROSSING HWY. FROM PRIVATE ROAD,Driving Fault
DRIVER FAILURE TO YIELD RIGHT OF WAY ENTERING HWY. FROM PRIVATE  DRIVEWAY,Driving Fault
DRIVER FAILURE TO YIELD RIGHT OF WAY ENTERING HWY. FROM PRIVATE DRIVEWAY,Driving Fault
DRIVER FAILURE TO YIELD RIGHT OF WAY ENTERING HWY. FROM PRIVATE ROAD,Driving Fault
"DRIVER FAILURE TO YIELD RIGHT OF WAY ENTERING, CROSSING HWY. FROM PRIVATE ROAD, DRIVEWAY",Driving Fault
DRIVER FAILURE TO YIELD RIGHT-OF-WAY AT INTERSECTION YIELD SIGN,Driving Fault
DRIVER FAILURE TO YIELD RIGHT-OF-WAY TO VEH. UPON EMERGING FROM DRIVEWAY,Driving Fault
DRIVER MAKING IMPROPER TURN AT INTERSECTION,Driving Fault
DRIVER MAKING PROHIBITED U-TURN ON CREST OF GRADE,Driving Fault
DRIVER MAKING PROHIBITED U-TURN ON CURVE,Driving Fault
DRIVER UNLAWFULLY ENTERING LEFT TURN LANE,Driving Fault
DRIVER WHEN TURNING LEFT FAIL TO YIELD RIGHT OF WAY TO VEHICLE APPROACHING FROM OPPOSITE DIRECTION,Driving Fault
DRIVING OFF ROADWAY WHILE PASSING VEHICLE,Driving Fault
DRIVING ON LEFT SIDE OF ROADWAY IN POSTED NO PASSING ZONE MARKED BY PAVEMENT STRIPING,Driving Fault
DRIVING ON MEDIAN STRIP ON DIVIDED HWY.,Driving Fault
DRIVING ON UNOPENED ROADWAY,Driving Fault
DRIVING THROUGH OR IN A SAFETY ZONE,Driving Fault
DRIVING VEH. ON SIDEWALK AND SIDEWALK AREA WHERE PROHIBITED,Driving Fault
DRIVING WRONG WAY--ONE WAY STREET,Driving Fault
FAILURE OF DRIVER AT CROSSOVER TO MAKE LEFT TURN FROM EXTREME LEFT LANE,Driving Fault
FAILURE OF DRIVER AT CROSSOVER TO YIELD RIGHT-OF- WAY TO VEH. ON HWY.,Driving Fault
LEFT TURN FROM IMPROPER ROAD POSITION,Driving Fault
"NEGLIGENT DRIVING VEHICLE IN CARELESS AND IMPRUDENT MANNER ENDANGERING PROPERTY, LIFE AND PERSON",Driving Fault
PASSING IN NO PASSING ZONE,Driving Fault
PEDESTRIAN UNSAFELY CROSSING IN PATH OF VEH.,Driving Fault
PROHIBITED DRIVING IN CENTER LANE,Driving Fault
RECKLESS DRIVING,Driving Fault
RECKLESS DRIVING VEHICLE IN WANTON AND WILLFUL DISREGARD FOR SAFETY OF PERSONS AND PROPERTY,Driving Fault
STANDING VEH. IN INTERSECTION,Driving Fault
STANDING VEH. ON CROSSWALK,Driving Fault
STANDING VEH. WHERE PROHIBITED BY OFFICIAL SIGN,Driving Fault
UNSAFE BACKING OF MOTOR VEH.,Driving Fault
UNSAFE DRIVING THROUGH YIELD SIGN,Driving Fault
UNSAFE LANE CHANGING,Driving Fault
UNSAFE LEFT TURN IN NO PASSING ZONE,Driving Fault
UNSAFE PASSING TO RIGHT OF OVERTAKEN VEH.,Driving Fault
CAUSING STANDING VEH. TO OBSTRUCT FREE VEH. PASSAGE OF ROADWAY,Driving Fault
DRIVER OF MOTOR VEHICLE FOLLOWING VEHICLE CLOSER THAN REASONABLE AND PRUDENT,Driving Fault
DRIVING VEHICLE DIRECTLY IN FRONT OF OVERTAKEN VEHICLE,Driving Fault
DRIVING VEHICLE IN HOV LANE WHEN NOT AUTHORIZED BY TRAFFIC CONTROL DEVICE,Driving Fault
FAILURE TO DRIVE ON RIGHT HAND ROADWAY OF DIVIDED HWY,Driving Fault
FAILURE TO DRIVE RIGHT OF CENTER,Driving Fault
FAILURE TO DRIVE VEHICLE ON RIGHT HALF OF ROADWAY WHEN REQUIRED,Driving Fault
FAILURE TO PASS AROUND ROTARY TRAFFIC ISLAND TO RIGHT OF ISLAND,Driving Fault
FAILURE VEH. TO YIELD INTERSECTION RIGHT-OF-WAY TO ANOTHER VEH.,Driving Fault
FAILURE YIELD RIGHT OF WAY ON LEFT TURN,Driving Fault
FAILURE YIELD RIGHT OF WAY ON U TURN,Driving Fault
FOLLOWING VEH. TOO CLOSELY,Driving Fault
IMPROPER PASSING OF OVERTAKEN VEHICLE,Driving Fault
LEAVE THE ROADWAY FOR THE PURPOSE OF AVOIDING TRAFFIC CONTROL DEVICE,Driving Fault
VEH. ENTERING INTERSECTION OCCUPIED BY FUNERAL PROCESSION,Driving Fault
DRIVING IN LEFT TURN LANE LONGER DISTANCE THAN NECESSARY,Driving Fault
DRIVING LEFT OF CENTERLINE ON ROADWAY WITH 4 LANES FOR TWO-WAY TRAFFIC W/O AUTHORIZATION,Driving Fault
DRIVING LEFT OF ROADWAY CENTER IN OVERTAKING AND PASSING WHEN UNSAFE,Driving Fault
RT. TURN FROM IMPROPER ROAD POSITION,Driving Fault
DRIVER CONSUMING ALCOHOLIC BEVERAGE IN PASSENGER AREA OF MOTOR VEHICLE ON HIGHWAY,DWI
DRIVING WHILE IMPAIRED BY ALCOHOL,DWI
DRIVING MOTOR VEHICLE WITH ALCOHOL IN BLOOD IN VIOLATION OF RESTRICTION,DWI
DRIVING UNDER THE INFLUENCE OF ALCOHOL PER SE,DWI
DRIVING VEH. WHILE IMPAIRED BY ALCOHOL,DWI
DRIVING VEH. WHILE IMPAIRED BY ALCOHOL WHILE TRANSPORTING A MINOR,DWI
DRIVE VEH. WHILE UNDER INFLUENCE OF ALCOHOL WHILE TRANSP. MINOR),DWI
DRIVE VEH. WHILE UNDER INFLUENCE OF ALCOHOL WHILE TRANSP. MINOR,DWI
DRIVING VEH. WHILE SO FAR IMPAIRED BY ALCOHOL CANNOT DRIVE SAFELY,DWI
DRIVING VEH. WHILE IMPAIRED BY DRUGS OR ALCOHOL OR ALCOHOL AND DRUGS,DWI
DRIVING VEHICLE WHILE UNDERTHE INFLUENCE OF ALCOHOL,DWI
DRIVING VEHICLE WHILE UNDERTHE INFLUENCE OF ALCOHOL PER SE,DWI
DRIVING VEHICLE WHILE UNDER THE INFLUENCE OF ALCOHOL,DWI
DRIVING WHILE IMPAIRED BY DRUGS OR DRUGS AND ALCOHOL,DWI
DRIVING VEH. WHILE SO FAR IMPAIRED BY DRUGS AND ALCOHOL CANNOT DRIVE SAFELY,DWI
"DRIVING, ATTEMPTING TO DRIVE MOTOR VEHICLE WITH ALCOHOL IN BLOOD IN VIOLATION OF RESTRICTION",DWI
"DRIVING, ATTEMPTING TO DRIVE) MOTOR VEHICLE WITH ALCOHOL IN BLOOD IN VIOLATION OF RESTRICTION",DWI
DRIVING VEH. WHILE SO FAR IMPAIRED BY  DRUGS AND ALCOHOL CANNOT DRIVE SAFELY,DWI
"DRIVING VEH. WHILE SO FAR IMPAIRED BY DRUGS, DRUGS AND ALCOHOL CANNOT DRIVE SAFELY",DWI
DRIVING VEH WHILE SO FAR IMPAIRED BY DRUGS CANNOT DRIVE SAFELY,DWI
DRIVING VEH. WHILE SO FAR IMPAIRED BY DRUGS CANNOT DRIVE SAFELY,DWI
"DRIVING, ATTEMPTING TO DRIVE VEH. WHILE SO FAR IMPAIRED BY DRUGS CANNOT DRIVE SAFELY",DWI
DRIVING VEH. WHILE IMPAIRED BY CONTROLLED DANGEROUS SUBSTANCE,DWI
DRIVING WHILE IMPAIRED BY A CONTROLLED DANGEROUS SUBSTANCE,DWI
MOTOR VEH. EQUIPPED WITH UNLAWFULLY MODIFIED EXHAUST SYSTEM,Faulty Equipment
"MOTOR VEH. EQUIPPED WITH UNLAWFULLY MODIFIED EXHAUST SYSTEM,",Faulty Equipment
"MOTOR VEH. EQUIPPED WITH UNLAWFULLY MODIFIED EXHAUST SYSTEM, NOISE ABATEMENT DEVICE",Faulty Equipment
MOTOR VEH. EQUIPPED WITH UNLAWFULLY MODIFIED NOISE ABATEMENT DEVICE,Faulty Equipment
"MOTOR VEH. MFR. AFTER JUNE 1, 1971, W/O ADEQUATE TAIL LAMPS",Faulty Equipment
MOTOR VEH. NOT EQUIPPED WITH EXHAUST MUFFLER SYSTEM,Faulty Equipment
MOTOR VEH. OWNER REPLACING VEH. BROKEN WINDSHIELD GLASS WITH OTHER THAN SAFETY GLASS,Faulty Equipment
"MOTOR VEH., MFR. AFTER JUNE 1, 1971, W/O ADEQUATE TAIL LAMPS",Faulty Equipment
"MOTOR VEH., TRAILER, COMBINATION END VEH. MFR. AFTER JUNE 1, 1971, W/O ADEQUATE TAIL LAMPS",Faulty Equipment
"MOTOR VEH.MFR. AFTER JUNE 1, 1971, W/O ADEQUATE TAIL LAMPS",Faulty Equipment
"MOTOR VEH MFR. AFTER JUNE 1, 1971, W/O ADEQUATE TAIL LAMPS",Faulty Equipment
"MOTOR VEH.  MFR. AFTER JUNE 1, 1971, W/O ADEQUATE TAIL LAMPS",Faulty Equipment
MAKING VEHICULAR TURN ON AUTHORITY HIGHWAY WHERE PROHIBITED BY SIGNS,Faulty Equipment
MATERIALLY ALTERING VEH. EQUIPMENT AFTER REPAIR ORDER CERT. ISSUED.,Faulty Equipment
"MATERIALLY ALTERING, CHANGING VEH. EQUIPMENT AFTER INSPECTION, REPAIR ORDER CERT. ISSUED.",Faulty Equipment
MATERIALLY CHANGING VEH. EQUIPMENT AFTER REPAIR ORDER CERT. ISSUED.,Faulty Equipment
MODIFYING EXHAUST SYSTEM ON MOTOR VEH. CAUSING EXCESSIVE NOISE EMISSION,Faulty Equipment
"MODIFYING EXHAUST SYSTEM, NOISE ABATEMENT DEVICE ON MOTOR VEH. CAUSING EXCESSIVE NOISE EMISSION",Faulty Equipment
MOTOR CARRIER FAIL TO CORRECT DEFECTS NOTED ON INSPECTION REPORT,Faulty Equipment
OPERATING A M/V W/O PROPER REQUIRED EMERGENCY ROADSIDE WARNING DEVICES,Faulty Equipment
OPERATING A M/V WITH INADEQUATE TIRES ON OTHER THAN STEERING AXLE,Faulty Equipment
OPERATING COMMERCIAL M/V AFTER BEING DISQUALIFIED,Faulty Equipment
OPERATING MOTOR VEHICLE WITH EXTENDED LOAD WITHOUT FLAGS,Faulty Equipment
OPERATING MOTOR VEHICLE WITH FABRIC EXPOSED THROUGH TREAD OF TIRE,Faulty Equipment
OPERATING MOTOR VEHICLE WITH FLAT TIRE,Faulty Equipment
OPERATING MOTOR VEHICLE WITH FLAT TIRES,Faulty Equipment
OPERATING MOTOR VEHICLE WITH INADEQUATE AND INOPERABLE WINDSHIELD WIPERS,Faulty Equipment
OPERATING MOTOR VEHICLE WITH INADEQUATE STEERING AXLES TIRE,Faulty Equipment
OPERATING MOTOR VEHICLE WITH INADEQUATE STEERING AXLES TIRE/S/,Faulty Equipment
OPERATING MOTOR VEHICLE WITH INADEQUATE STEERING AXLES TIRES,Faulty Equipment
OPERATING MOTOR VEHICLE WITH INADEQUATE TIRES ON OTHER THAN STEERING AXLE,Faulty Equipment
OPERATING MOTOR VEHICLE WITH INADEQUATE WINDSHIELD WIPERS,Faulty Equipment
OPERATING MOTOR VEHICLE WITH INOPERABLE WINDSHIELD WIPERS,Faulty Equipment
OPERATING MOTOR VEHICLE WITH MISSING WHEEL FASTENERS,Faulty Equipment
OPERATING MOTOR VEHICLE WITH UNDER-INFLATED TIRE,Faulty Equipment
OPERATING MOTOR VEHICLE WITHOUT ADEQUATE HORN,Faulty Equipment
OPERATING MOTOR VEHICLE WITHOUT PROPER REQUIRED EMEMERGENCY EQUIPMENT ON POWER UNIT,Faulty Equipment
OPERATING MOTOR VEHICLE WITHOUT PROPER REQUIRED EMERGENCY EQUIPMENT ON POWER UNIT,Faulty Equipment
OPERATING MOTORCYCLE BETWEEN LANES OF TRAFFIC,Faulty Equipment
"OPERATING MOTORCYCLE BETWEEN LANES OF TRAFFIC, ADJACENT LINES OF VEHS., ROWS OF VEHS.",Faulty Equipment
"OPERATING ON HWY.A MV W/O EXHAUST MECHANISM PROP EQUIP,ADJUST &OPER",Faulty Equipment
OPERATING VEH. ON HWY. WITH ALTERED & DANGEROUS BUMPER OR SUSPENSION,Faulty Equipment
OPERATING VEHICLE ON HIGHWAY WITH UNAUTHORIZED WINDOW TINTING MATERIAL,Faulty Equipment
OPERATION OF EXTENDED REAR LOAD CARRYING VEH. W/O REQUIRED RED FLAGS DISPLAY,Faulty Equipment
PARTS NOT SPECIFICALLY PROVIDED FOR NOT IN SAFE OPERATING CONDITION,Faulty Equipment
PARTS NOT SPECIFICALLY PROVIDED FORNOT IN SAFE OPERATING CONDITION,Faulty Equipment
PERSON DRIVING ON HWY. VEH WITH VISIBLE BLUE LAMP,Faulty Equipment
PERSON DRIVING ON HWY. VEH. WITH VISIBLE  BLUE LAMP,Faulty Equipment
PERSON DRIVING ON HWY. VEH. WITH VISIBLE BLUE DEVICE,Faulty Equipment
PERSON DRIVING ON HWY. VEH. WITH VISIBLE BLUE LAMP,Faulty Equipment
PERSON DRIVING ON HWY. VEH. WITH VISIBLE RED LAMP,Faulty Equipment
"PERSON DRIVING ON HWY. VEH., EQUIPMENT WITH VISIBLE BLUE LAMP",Faulty Equipment
"PERSON DRIVING ON HWY. VEH., WITH VISIBLE BLUE LAMP",Faulty Equipment
PERSON DRIVING ON HWY. VEH.WITH VISIBLE BLUE LAMP,Faulty Equipment
PERSON DRIVING REG. MOTOR VEH. ON HWY. W/O REQUIRED SAFETY GLASS EQUIPMENT,Faulty Equipment
"PERSON DRIVING, MOVING ON HWY. VEH., EQUIPMENT WITH VISIBLE RED, BLUE LAMP, DEVICE",Faulty Equipment
TAG LAMP INOPERATIVE,Faulty Equipment
UNLAWFUL ALTERING OF MFR. INSTALLED EXHAUST EMISSION CONTROL ON VEH.,Faulty Equipment
UNLAWFUL REMOVAL OF MFR. INSTALLED EXHAUST EMISSION CONTROL ON VEH.,Faulty Equipment
USE LAMPS ON MOTOR VEH CHANGING ORIGINAL DESIGN,Faulty Equipment
USE LAMPS ON MOTOR VEH. CHANGING ORIGINAL PERFORMANCE,Faulty Equipment
USING DEVICE ON MOTOR VEH. EXHAUST CAUSING EXCESSIVE NOISE,Faulty Equipment
USING DEVICE ON MOTOR VEH. EXHAUST EXTENSION CAUSING EXCESSIVE NOISE,Faulty Equipment
"USING DEVICE ON MOTOR VEH. EXHAUST, TAIL PIPE EXTENSION CAUSING EXCESSIVE NOISE",Faulty Equipment
USING DEVICE ON MOTOR VEH. TAIL PIPE EXTENSION CAUSING EXCESSIVE NOISE,Faulty Equipment
VEH. HWY. OPERATION WITH INADEQUATE  REAR RED COLOR REFLECTOR,Faulty Equipment
VEH. HWY. OPERATION WITH INADEQUATE REAR ID LAMP REFLECTORS,Faulty Equipment
VEH. HWY. OPERATION WITH INADEQUATE REAR RED COLOR REFLECTOR,Faulty Equipment
VEH. HWY. OPERATION WITH INADEQUATE SIDE MARKER LAMP,Faulty Equipment
WINDOW GLAZING DAMAGED,Faulty Equipment
WASHER SYSTEM INOPERABLE,Faulty Equipment
BRAKE  HOSE NOT SECURED AGAINST DAMAGE,Faulty Equipment
BRAKE HOSE NOT SECURED AGAINST DAMAGE,Faulty Equipment
DRIVER OPERATING MOTOR VEHICLE WITHOUT PRESCRIBED EMERGENCY EQUIPMENT,Faulty Equipment
DRIVING MOTOR VEH. WITH OBSTRUCTED SIDEWINGS,Faulty Equipment
DRIVING MOTOR VEH. WITH OBSTRUCTED WINDSHIELD,Faulty Equipment
"DRIVING MOTOR VEH. WITH OBSTRUCTED WINDSHIELD, SIDEWINGS",Faulty Equipment
DRIVING MOTOR VEHICLE OFF ROADWAY WHILE PASSING VEHICLE,Faulty Equipment
DRIVING ON HWY. WITH OBSTRUCTED WINDSHIELD VIEW,Faulty Equipment
DRIVING UNSAFE VEH. ON HWY,Faulty Equipment
DRIVING UNSAFE VEH. ON HWY.,Faulty Equipment
driving UNSAFE VEH. ON HWY.,Faulty Equipment
DRIVING VEH. ON HWY. W/O REQUIRED MINIMUM EQUIPMENT,Faulty Equipment
DRIVING VEH. W/O ADEQUATE REAR REG. PLATE ILLUMINATION,Faulty Equipment
"DRIVING, ATTEMPTING TO DRIVE VEH. NOT EQUIPPED WITH AN IGNITION INTERLOCK AS REQUIRED BY PROGRAM",Faulty Equipment
"DRIVING, CAUSING TO BE DRIVEN, KNOWINGLY PERMIT- ING TO BE DRIVEN UNSAFE VEH. ON HWY.",Faulty Equipment
DRIVINGUNSAFE VEH. ON HWY.,Faulty Equipment
FAILING TO SECURE CHILD UNDER AGE 8 IN CHILD SAFETY SEAT WHEN TRANSPORTING IN MOTOR VEHICLE,Faulty Equipment
FAILURE TO APPLY FOR UNAFFIXED TABS TO REPLACE DAMAGED TABS,Faulty Equipment
FAILURE TO ATTACH TEMP. REG. PLATE TO REAR OF VEH.,Faulty Equipment
FAILURE TO ATTACH VEH. REG. PLATES AT FRONT AND REAR,Faulty Equipment
FAILURE TO DESTROY TEMP. REG. PLATES UPON EXPIRATION OF TEMP. REG.,Faulty Equipment
FAILURE TO DISPLAY TAB ON PLATES OF VEH. AS REQUIRED BY ADM.,Faulty Equipment
FAILURE TO ENSURE TOWED VEHICLE IS SECURELY ATTACHED TO TOWING VEHICLE BY PRIMARY CONNECTING SYSTEM,Faulty Equipment
FAILURE TO EQUIP HWY. VEH. WITH REQUIRED LAMPS AND REFLECTORS,Faulty Equipment
FAILURE TO EQUIP MOTOR VEH. WITH ADEQUATE VISION OUTSIDE MIRROR,Faulty Equipment
FAILURE TO EQUIP MOTOR VEH. WITH ADEQUATE VISION REAR VIEW MIRROR,Faulty Equipment
FAILURE TO EQUIP MOTORCYCLE WITH REQUIRED HEADLAMPS,Faulty Equipment
FAILURE TO EQUIP MOTORCYCLE WITH TWO REAR VIEW MIRRORS,Faulty Equipment
FAILURE TO EQUIP VEH. WITH  ID LAMPS AND TO USE AS REQ,Faulty Equipment
FAILURE TO EQUIP VEH. WITH ID LAMPS  AND TO USE AS REQ,Faulty Equipment
FAILURE TO EQUIP VEH. WITH ID LAMPS AND TO USE AS REQ,Faulty Equipment
FAILURE TO EQUIP VEH. WITH MARKER LAMPS AND TO USE AS REQ,Faulty Equipment
FAILURE TO MAINTAIN WINDSHIELD WIPERS IN GOOD WORKING ORDER,Faulty Equipment
FAILURE TO PROPERLY EQUIP & LOCATE HEADLAMPS ON MOTOR VEH.,Faulty Equipment
FAILURE TO PROPERLY MAINTAIN AND FASTEN VEH. REG. PLATE IN VISIBLE POSITION,Faulty Equipment
FAILURE TO REMOVE AND RETURN REG. PLATES 10 DAYS AFTER VEH. TRANSFER.,Faulty Equipment
IMPROPER DISPLAY OF CURRENT AND VINTAGE REG. PLATES,Faulty Equipment
IMPROPER NUMBER OF TIEDOWNS USED FOR LENGTH OF CARGO,Faulty Equipment
IMPROPER USE OF VEH. FOG LAMP,Faulty Equipment
INADEQUATE EXHAUST SYSTEM,Faulty Equipment
INOPERABLE WINDSHIELD WASHER SYSTEM,Faulty Equipment
INSTALLATION OF BATTERY IMPROPER,Faulty Equipment
INSTALLING WINDOW TINTING MATERIAL NOT IN COMPLIANCE WITH REQUIREMENTS,Faulty Equipment
OPER. M/V WITH  OCCUPANT UNDER AGE 16 NOT RESTRAINED BY CHILD SAFETY SEAT,Faulty Equipment
OPERATE MOTORCYCLE W/O EYE PROTECTION,Faulty Equipment
OPERATOR OF  MOTOR SCOOTER FAILURE TO CARRY REQUIRED SECURITY,Faulty Equipment
OPERATOR OF MOPED FAILURE TO CARRY REQUIRED SECURITY,Faulty Equipment
"OPERATOR OF MOPED, MOTOR SCOOTER FAILURE TO CARRY REQUIRED SECURITY",Faulty Equipment
OPERATOR OF MOTOR SCOOTER FAILURE TO CARRY REQUIRED SECURITY,Faulty Equipment
OWNER OF MOPED FAILURE TO DISPLAYDECAL ON VEHICLE AS PRESCRIBED BY MVA,Faulty Equipment
OWNER OF MOTOR SCOOTER FAILURE TO DISPLAY DECAL ON VEHICLE AS PRESCRIBED BY MVA,Faulty Equipment
OWNER OF MOTOR SCOOTER FAILURE TO DISPLAYDECAL ON VEHICLE AS PRESCRIBED BY MVA,Faulty Equipment
"OWNER OF MOTOR SCOOTER, MOPED FAILURE TO DISPLAYDECAL ON VEHICLE AS PRESCRIBED BY MVA",Faulty Equipment
PERMITTING TO BE DISPLAYED REG. PLATE ISSUED FOR OTHER VEHICLE,Faulty Equipment
PERSON DRIVING MOTOR VEH. ON HWY. W/O TIRES IN SAFE OPERATING CONDITION AS REQUIRED BY ADM.,Faulty Equipment
UNAUTHORIZED DISPLAY AND USE OF REG. CARD,Faulty Equipment
UNAUTHORIZED DISPLAY AND USE OF REG. PLATE,Faulty Equipment
UNAUTHORIZED USE OF CLASS 1A DEALER REG. PLATE,Faulty Equipment
UNLAWFUL USE OF HISTORIC PASSENGER VEH FOR GENERAL DAILY TRANSPORTATION,Faulty Equipment
UNLAWFUL USE OF HISTORIC PASSENGER VEH. FOR GENERAL DAILY TRANSPORTATION,Faulty Equipment
VEHICLE CARRYING A LOAD OF LOOSE MATERIAL WITHOUT CANVAS OR OTHER APPROVED COVER,Faulty Equipment
EMERGENCY BRAKING SYSTEM NOT OPERATING PROPERLY,Faulty Equipment
PLATE,Faulty Equipment
PLATES,Faulty Equipment
SAFETY CHAINS NOT CROSSED,Faulty Equipment
TURN SIGNAL INOPERATIVE,Faulty Equipment
ID LIGHT INOPERATIVE,Faulty Equipment
"ID LIGHT, CLEARANCE LIGHT, MARKER LIGHT INOPERATIVE",Faulty Equipment
STOPLIGHT INOPERATIVE,Faulty Equipment
STOPLIGHT LIGHT INOPERATIVE,Faulty Equipment
STOPLIGHT  INOPERATIVE,Faulty Equipment
STOPLIGHTINOPERATIVE,Faulty Equipment
"TAILLIGHT, STOPLIGHT, TURN SIGNAL, ID LIGHT, CLEARANCE LIGHT, MARKER LIGHT INOPERATIVE",Faulty Equipment
"TAILLIGHT, STOPLIGHT INOPERATIVE",Faulty Equipment
"HEADLIGHT, TAILLIGHT, STOPLIGHT, TURN SIGNAL, ID LIGHT, CLEARANCE LIGHT, MARKER LIGHT INOPERATIVE",Faulty Equipment
HEADLIGHT INOPERATIVE,Faulty Equipment
TAILLIGHT INOPERATIVE,Faulty Equipment
HEADLIGHT  INOPERATIVE,Faulty Equipment
TAILLIGHT  INOPERATIVE,Faulty Equipment
HEADLIGHT LIGHT INOPERATIVE,Faulty Equipment
TAILLIGHT LIGHT INOPERATIVE,Faulty Equipment
TAG LIGHT INOPERATIVE,Faulty Equipment
HEADLIGHTINOPERATIVE,Faulty Equipment
STOP LIGHT INOPERATIVE,Faulty Equipment
TAIL LIGHT INOPERATIVE,Faulty Equipment
MARKER LIGHT INOPERATIVE,Faulty Equipment
LICENSE PLATE LIGHT INOPERATIVE,Faulty Equipment
RIGHT REVERSE LIGHT INOPERATIVE,Faulty Equipment
USING FLASHING LIGHTING ON UNAUTHORIZED VEH.,Faulty Equipment
1 OF 3 REAR ID LIGHTS INOPERATIVE,Faulty Equipment
3 OF 3 REAR ID LIGHTS INOPERATIVE,Faulty Equipment
1 OF 3 FRONT ID LIGHTS INOPERATIVE,Faulty Equipment
TURNING OFF VEH. LIGHTS TO AVOID ID,Faulty Equipment
FAILURE OF WARNING LIGHTS TO BE VISIBLE FROM NOT LESS THAN 1500 FOOT NIGHTTIME DISTANCE,Faulty Equipment
FAILURE TO DISPLAY TWO LIGHTED FRONT LAMPS WHEN REQUIRED,Faulty Equipment
DRIVER FAILURE TO REDUCE LIGHT DISTRIBUTION WHEN WITHIN 300 FEET OF APPROACHING VEH. FROM REAR,Faulty Equipment
USE OF INCORRECT COLOR IN LIGHTING DEVICES MOUNTED ON REAR OF VEHICLE,Faulty Equipment
FAILURE TO DISPLAY PARKING LIGHTS WHEN REQUIRED ON VEH. STOPPED ON ROADWAY,Faulty Equipment
MOTOR VEH. WITH LIT BACKUP LIGHT WHILE VEH. IN FORWARD MOTION,Faulty Equipment
PROHIBITED USE OF FLASHING LIGHT,Faulty Equipment
"FAILURE TO SECURE AUTOMOBILE, LIGHT TRUCK/VANS BY LOAD SPECIFIC RULES",Faulty Equipment
DRIVING A MOTOR VEHICLE WITHOUT LIGHTED HEAD LAMPS OR FOG LIGHTS WHILE OPERATING WINDSHIELD WIPERS,Faulty Equipment
DRIVING A MOTOR VEHICLE WITHOUT LIGHTED HEAD LAMPS WHILE OPERATING WINDSHIELD WIPERS,Faulty Equipment
"DRIVING A MOTOR VEHICLE WITHOUT LIGHTED HEAD LAMPS, FOG LIGHTS WHILE OPERATING WINDSHIELD WIPERS",Faulty Equipment
"FAILURE OF VEH. ON HWY. TO DISPLAY LIGHTED LAMPS, ILLUMINATING DEVICE IN UNFAVORABLE VISIBILITY COND",Faulty Equipment
"FAILURE OF VEH. ON HWY. TO DISPLAY LIGHTED LAMPS, ILLUMINATING DEVICES IN UNFAVORABLE VISIBILITY COND",Faulty Equipment
ROADWAY USE OF VEH. HIGH INTENSITY LIGHT IMPROPER-LY DIRECTED AT ROADWAY,Faulty Equipment
FAILURE TO DISPLAY & REFLECT RED COLOR LIGHT ON REAR LAMPS AND REFLECTORS AS REQ.,Faulty Equipment
DRIVER FAILURE TO USE MULTIPLE-BEAM ROAD LIGHTING EQUIPMENT AT LEVEL REQUIRED FOR SAFE DRIVING,Faulty Equipment
VEH. HWY. OPERATION WITH INADEQUATE SIDE LIGHT,Faulty Equipment
DRIVER FAILURE TO AVOID PROJECTING GLARING LIGHT WITHIN 500 FEET OF APPROACHING VEH. DRIVER,Faulty Equipment
VEHICLE LAMP PROJECTING GLARING & DAZZLING LIGHT,Faulty Equipment
VEH. HWY. OPERATION WITH INADEQUATE REAR RED LIGHT REFLECTOR,Faulty Equipment
VEH. FAILURE TO DISPLAY & REFLECT AMBER COLOR LIGHT ON LAMPS & REFLECTORS AS REQ.,Faulty Equipment
DRIVING VEH. ON HWY WITH LAMP DISPLAYING WHITE LIGHT FROM REAR,Faulty Equipment
DRIVING VEH. ON HWY. WHILE DISPLAYING FLASHING LIGHT,Faulty Equipment
FAILURE OF MOTOR VEH. TO HAVE READILY VISIBLE HEADLIGHT INDICATOR W/O DRIVER GLARE,Faulty Equipment
DRIVING VEH ON HWY WITH LAMP IMPROPERLY DISPLAYING WHITE LIGHT FROM REAR,Faulty Equipment
DRIVING VEH.ON HWY WITH LAMP IMPROPERLY DISPLAYING WHITE LIGHT FROM REAR,Faulty Equipment
DRIVING VEH. ON HWY WITH LAMP IMPROPERLY DISPLAYING WHITE LIGHT FROM REAR,Faulty Equipment
DRIVING VEH.  ON HWY WITH LAMP IMPROPERLY DISPLAYING WHITE LIGHT FROM REAR,Faulty Equipment
"DRIVING VEH., ON HWY WITH LAMP IMPROPERLY DISPLAYING WHITE LIGHT FROM REAR",Faulty Equipment
DRIVING VEH. ON HWY WITH DEVICE IMPROPERLY DISPLAYING WHITE LIGHT FROM REAR,Faulty Equipment
"DRIVING VEH ON HWY WITH LAMP, DEVICEIMPROPERLY DISPLAYING WHITE LIGHT FROM REAR",Faulty Equipment
"DRIVING VEH. ON HWY WITH LAMP, DEVICEIMPROPERLY DISPLAYING WHITE LIGHT FROM REAR",Faulty Equipment
FAILURE TO STOP FOR STOPPED VEH. OPERATING ALTERNATELY FLASHING RED LIGHTS,Faulty Equipment
FAILURE TO STOP FOR STOPPED SCHOOL VEH. OPERATING ALTERNATELY FLASHING RED LIGHTS,Faulty Equipment
"DRIVING VEH.,EQUIPMENT ON HWY WITH LAMP, DEVICEIMPROPERLY DISPLAYING WHITE LIGHT FROM REAR",Faulty Equipment
FAILURE TO REMAIN STOPPED FOR STOPPED SCHOOL VEH. OPERATING ALTERNATELY FLASHING RED LIGHTS,Faulty Equipment
IND. OPERATING MOTOR SCOOTER W/O WEARING REQUIRED HEADGEAR PROTECTION,Helmet
IND. OPERATING ON MOTOR SCOOTER W/O WEARING REQUIRED HEADGEAR PROTECTION,Helmet
"IND. OPERATING,RIDING ON MOPED,MOTOR SCOOTER W/O WEARING REQUIRED HEADGEAR PROTECTION",Helmet
INDIVIDUAL OPERATING MOTORCYCLE W/O WEARING REQUIRED HEADGEAR PROTECTION,Helmet
INDIVIDUAL OPERATING ON MOTORCYCLE W/O WEARING REQUIRED HEADGEAR PROTECTION,Helmet
DRIVING VEH. WHILE WEARING EARPHONES,Impaired
DRIVING VEH. WITH WINDOW VIEW OBSTRUCTED BY SIGN MATERIAL,Impaired
DRIVING VEH. WITH WINDSHIELD VIEW OBSTRUCTED BY SIGN MATERIAL,Impaired
"DRIVING VEH. WITH WINDSHIELD, WINDOW VIEW OBSTRUCTED BY SIGN MATERIAL",Impaired
DRIVING MOTOR VEH. ON HWY WEARING EARPLUGS IN BOTH EARS,Impaired
DRIVING MOTOR VEH. ON HWY WEARING HEADSET OVER EARS,Impaired
DRIVING MOTOR VEH. ON HWY. IN VIOLATION OF ADM. ESTABLISHED SOUND LEVEL LIMITS,Impaired
DRIVING MOTOR VEH. ON HWY. WEARING EARPLUGS IN BOTH EARS,Impaired
DRIVING MOTOR VEH. ON HWY. WEARING HEADSET OVER EARS,Impaired
"DRIVING MOTOR VEH. ON HWY., PUBLICLY USE PRIVATE PLACE WEARING HEADSET OVER EARS",Impaired
"DRIVING MOTOR VEH. ON HWY., PUBLICLY USED PRIVATE PLACE WEARING EARPLUGS IN BOTH EARS",Impaired
"DRIVING MOTOR VEH. ON HWY., WEARING EARPLUGS IN BOTH EARS",Impaired
DRIVING MOTOR VEH. ON HWY.WEARING EARPLUGS IN BOTH EARS,Impaired
"DRIVING VEH W/ TV-TYPE RECEIVING EQUIP, VIDEO DISPEQUIP THAT IS ON AND VISIBLE TO THE DRIVER ON HWY",Impaired
DRIVING VEH W/ VIDEO DISP EQUIP THAT IS ON AND VISIBLE TO THE DRIVER ON HWY,Impaired
OPER SOUND AMPLIFICATION SYSTEM FROM VEH THAT CAN BE HEARD FROM 50' OR MORE,Impaired
OPER SOUND AMPLIFICATIONSYSTEM FROM VEH THAT CAN BE HEARD FROM 50' OR MORE,Impaired
VEH. PASSENGER OBSTRUCTING DRIVER VIEW,Impaired
UNINSURED VEHICLE,Insurance
DRIVING UNINSURED VEHICLE,Insurance
DRIVING  UNINSURED VEHICLE,Insurance
KNOWINGLY DRIVING UNINSURED VEHICLE,Insurance
KNOWINGLY DRIVING  UNINSURED VEHICLE,Insurance
OWNER KNOWINGLY PERMITTING TO BE DRIVEN UNINSURED VEHICLE,Insurance
KNOWINGLY DRIVING / OWNER KNOWINGLY PERMITTING TO BE DRIVEN UNINSURED VEHICLE,Insurance
KNOWINGLY DRIVING / OWNER KNOWINGLY PERMITTING TO BE DRIVEN) UNINSURED VEHICLE,Insurance
FAILURE TO RETURN TO & REMAIN AT SCENE OF ACCIDENT INVOLVING ATTENDED VEH.DAMAGE,Leave Scene
FAILURE TO RETURN TO & REMAIN AT SCENE OF ACCIDENTINVOLVING ATTENDED PROPERTY DAMAGE,Leave Scene
FAILURE TO RETURN TO & REMAIN AT SCENE OF ACCIDENTINVOLVING ATTENDED VEH. DAMAGE,Leave Scene
FAILURE TO RETURN TO & REMAIN AT SCENE OF ACCIDENTINVOLVING ATTENDED VEH.DAMAGE,Leave Scene
"FAILURE TO RETURN TO & REMAIN AT SCENE OF ACCIDENTINVOLVING ATTENDED VEH.DAMAGE,",Leave Scene
"FAILURE TO RETURN TO & REMAIN AT SCENE OF ACCIDENTINVOLVING ATTENDED VEH.DAMAGE,PROPERTY DAMAGE",Leave Scene
FAILURE TO RETURN TO & REMAIN AT SCENE OF ACCIDENTINVOLVING ATTENDED VEH.DAMAGE.,Leave Scene
LICENSEE FAILURE TO APPLY FOR DUP. LIC. WHEN LIC. MUTILATED,License
"LICENSEE FAILURE TO APPLY FOR DUP. LIC. WHEN LIC. LOST, STOLEN, MUTILATED, DESTROYED",License
LICENSEE FAILURE TO SURRENDER RECOVERED ORIG. LIC. AFTER DUP. ISSUED,License
LICENSEE FAILURE TO APPLY FOR DUP. LIC. WHEN LIC.  MUTILATED,License
LICENSEE FAILURE TO APPLY FOR DUP. LIC. WHEN LIC. LOST,License
SUSPENDED LICENSEE FAILURE TO RETURN DEALER LICENSE TO ADM.,License
FAILURE OF LICENSEE TO NOTIFY ADMINISTRATION OF CHANGE OF ADDRESS WITHIN 30 DAYS,License
FAILURE OF LICENSEE TO SURRENDER CANCELLED LIC. TOADM.,License
FAIL TO DISPLAY LICENSE ON DEMAND,License
DRIVING WITHOUT LICENSE,License
DRIVING WITHOUT A LICENSE,License
DISPLAY SUSPENDED LICENSE,License
DISPLAYING SUSPENDED LICENSE,License
DRIVING WITH AN EXPIRED LICENSE,License
DRIVING WITHOUT REQUIRED LICENSE AND AUTHORIZATION,License
POSSESSING MORE THAN ONE DRIVER'S LICENSE AT ANY ONE TIME,License
"PERSON DRIVING MOTOR VEHICLE WHILE LICENSE SUSPENDED UNDER 17-106, 26-204, 26-206, 27-103",License
"PERSON DRIVING MOTOR VEHICLE WHILE LICENSE SUSPENDED UNDER TR 17-106, 26-204, 26-206, 27-103",License
PERSON DRIVING MOTOR VEHICLE WHILE LICENSE SUSPENDED UNDER 17-106,License
PERSON DRIVING MOTOR VEHICLE WHILE LICENSE SUSPENDED UNDER 26-204,License
PERSON DRIVING MOTOR VEHICLE WHILE LICENSE SUSPENDED,License
PERSON DRIVING MOTOR VEHICLE WHILE LICENSE SUSPENDED UNDER,License
PERSON DRIVING MOTOR VEHICLE WHILE LICENSE SUSPENDED UNDER TR 17-106,License
"PERSON DRIVING MOTOR VEHICLE WHILE LICENSE SUSPENDED UNDER 17-106, 26-204, 26-206, OR 27-103",License
PERSON DRIVING MOTOR VEHICLE WHILE LICENSE SUSPENDED UNDER 26-206,License
PERSON DRIVING MOTOR VEHICLE WHILE LICENSE SUSPENDED UNDER  26-204,License
PERSON DRIVING MOTOR VEHICLE WHILE LICENSE SUSPENDED UNDER TR 26-204,License
PERSON DRIVING MOTOR VEHICLE WHILE LICENSE SUSPENDED UNDER 27-103,License
"PERSON DRIVING MOTOR VEHICLE WHILE LICENSE SUSPENDED UNDER 17-106, 26-204, 26-206, 27-103)",License
PERSON DRIVING MOTOR VEHICLE WHILE LICENSE SUSPENDED UNDER TR,License
"PERSON DRIVING MOTOR VEHICLE WHILE LICENSE SUSPENDED UNDER 17-106,",License
"PERSON DRIVING MOTOR VEHICLE WHILE LICENSE SUSPENDED UNDER TR 17-106, 26-204, 26-206, OR 27-103",License
OPERATING A MOPED ON HWY. W/O REQ. LICENSE OR PERMIT,License
"PERSON DRIVING MOTOR VEHICLE WHILE LICENSE SUSPENDED UNDER [17-106, 26-204, 26-206, 27-103]",License
"PERSON DRIVING MOTOR VEHICLE WHILE LICENSE SUSPENDED UNDER 26-204,",License
"PERSON DRIVING MOTOR VEHICLE WHILE LICENSE SUSPENDED UNDER 17-106, 26-204, 26-206 OR 27-103",License
"PERSON DRIVING MOTOR VEHICLE WHILE LICENSE SUSPENDED UNDER 17-106, 26-204, 26-206, AND/OR 27-103",License
"PERSON DRIVING MOTOR VEHICLE WHILE LICENSE SUSPENDED UNDER TR 17-106, 26-204, 26-206, 27-103)",License
PERSON DRIVING MOTOR VEHICLE WHILE LICENSE SUSPENDED UNDER  26-206,License
"PERSON DRIVING MOTOR VEHICLE WHILE LICENSE SUSPENDED UNDER17-106, 26-204, 26-206, 27-103",License
PERSON DRIVING MOTOR VEHICLE WHILE LICENSE SUSPENDED UNDER TR 27-103,License
DRIVING ON HIGHWAY WITHOUT REQUIRED LICENSE AND AUTHORIZATION,License
DRIVING VEHICLE ON HIGHWAY ON EXPIRED LICENSE,License
DRIVING VEHICLE ON HIGHWAY WITH AN EXPIRED LICENSE,License
DRIVING VEHICLE IN VIOLATION OF RESTRICTED LICENSE REQUIREMENT,License
OPERATING A MOTOR SCOOTER ON HWY. W/O REQ. LICENSE OR PERMIT,License
DRIVING VEHICLE ON HIGHWAY WITHOUT REQUIRED LICENSE AND AUTHORIZATION,License
OPERATING A  MOTOR SCOOTER ON HWY. W/O REQ. LICENSE OR PERMIT,License
DRIVING COMMERCIAL MOTOR VEH. WITHOUT REQUIRED LICENSE FOR THAT CLASS OF VEHICLE,License
DRIVE MOTOR VEHICLE ON HIGHWAY WITHOUT REQUIRED LICENSE AND AUTHORIZATION,License
DRIVINGMOTOR VEHICLE ON HIGHWAY WITHOUT REQUIRED LICENSE AND AUTHORIZATION,License
DRIVING MOTOR VEHICLE ON HIGHWAY WITHOUT REQUIRED LICENSE AND AUTHORIZATION,License
"OPERATING A MOPED, MOTOR SCOOTER ON HWY. W/O REQ. LICENSE OR PERMIT",License
ATTEMPTING TO DRIVE VEHICLE ON HIGHWAY ON EXPIRED LICENSE,License
"DRIVING,MOTOR VEHICLE ON HIGHWAY WITHOUT REQUIRED LICENSE AND AUTHORIZATION",License
DRIVING  MOTOR VEHICLE ON HIGHWAY WITHOUT REQUIRED LICENSE AND AUTHORIZATION,License
"DRIVING, MOTOR VEHICLE ON HIGHWAY WITHOUT REQUIRED LICENSE AND AUTHORIZATION",License
TO DRIVE MOTOR VEHICLE ON HIGHWAY WITHOUT REQUIRED LICENSE AND AUTHORIZATION,License
DRIVINGE MOTOR VEHICLE ON HIGHWAY WITHOUT REQUIRED LICENSE AND AUTHORIZATION,License
FAILURE OF INDIVIDUAL DRIVING ON HIGHWAY TO DISPLAY LICENSE TO UNIFORMED POLICE ON DEMAND,License
DRIVING A MOTOR VEHICLE ON HIGHWAY WITHOUT REQUIRED LICENSE AND AUTHORIZATION,License
DRIVING/ATTEMPTING DRIVE MOTOR VEH. ON HWY W/O REQ. LICENSE AND AUTHORIZATION,License
DRIVING A  MOTOR VEHICLE ON HIGHWAY WITHOUT REQUIRED LICENSE AND AUTHORIZATION,License
DRIVING DRIVE MOTOR VEHICLE ON HIGHWAY WITHOUT REQUIRED LICENSE AND AUTHORIZATION,License
DRIVING  DRIVE MOTOR VEHICLE ON HIGHWAY WITHOUT REQUIRED LICENSE AND AUTHORIZATION,License
DRIVINGTO DRIVE MOTOR VEHICLE ON HIGHWAY WITHOUT REQUIRED LICENSE AND AUTHORIZATION,License
DRIVING A DRIVE MOTOR VEHICLE ON HIGHWAY WITHOUT REQUIRED LICENSE AND AUTHORIZATION,License
DRIVING TO DRIVE MOTOR VEHICLE ON HIGHWAY WITHOUT REQUIRED LICENSE AND AUTHORIZATION,License
"DRIVING,TO DRIVE MOTOR VEHICLE ON HIGHWAY WITHOUT REQUIRED LICENSE AND AUTHORIZATION",License
DRIVING  TO DRIVE MOTOR VEHICLE ON HIGHWAY WITHOUT REQUIRED LICENSE AND AUTHORIZATION,License
"DRIVING, TO DRIVE MOTOR VEHICLE ON HIGHWAY WITHOUT REQUIRED LICENSE AND AUTHORIZATION",License
"DRIVING,  TO DRIVE MOTOR VEHICLE ON HIGHWAY WITHOUT REQUIRED LICENSE AND AUTHORIZATION",License
ATTEMPTING TO DRIVE MOTOR VEHICLE ON HIGHWAY WITHOUT REQUIRED LICENSE AND AUTHORIZATION,License
"DRIVING, ATTEMPTINGTO DRIVE MOTOR VEHICLE ON HIGHWAY WITHOUT REQUIRED LICENSE AND AUTHORIZATION",License
DRIVING ATTEMPTING TO DRIVE MOTOR VEHICLE ON HIGHWAY WITHOUT REQUIRED LICENSE AND AUTHORIZATION,License
"DRIVING, ATTEMPTING TO DRIVE MOTOR VEHICLE ON HIGHWAY WITHOUT REQUIRED LICENSE AND AUTHORIZATION",License
"DRIVING, ATTEMPTING)TO DRIVE MOTOR VEHICLE ON HIGHWAY WITHOUT REQUIRED LICENSE AND AUTHORIZATION",License
PERSON DRIVING MOTOR VEHICLE ON HIGHWAY OR PUBLIC USE PROPERTY ON REVOKED LICENSE AND PRIVILEGE,License
PERSON DRIVING MOTOR VEHICLE ON HIGHWAY OR PUBLIC USE PROPERTY ON SUSPENDED LICENSE AND PRIVILEGE,License
PERSON DRIVING MOTOR VEHICLE ON HIGHWAY OR PUBLIC USE PROPERTY ON REVOKED OUT-OF-STATE LICENSE,License
PERSON DRIVING MOTOR VEHICLE ON HIGHWAY OR PUBLIC USE PROPERTY ON SUSPENDED OUT-OF-STATE LICENSE,License
POSSESSING SUSPENDED LIC.,License
HOLDER OF LEARNER'S PERMIT DRIVING W/O REQ. SUPERVISION,License
HOLDER OF LEARNER'S PERMIT DRIVING WITH UN- AUTHORIZED PERSON OCCUPYING FRONT SEAT,License
HOLDER OF LEARNER'S PERMIT FOR MOTORCYCLE DRIVING WITH UNAUTHORIZED RIDER,License
HOLDER OF LEARNER'S PERMIT DRIVING WITH UNAUTHORIZED PERSON OCCUPYING FRONT SEAT,License
HOLDER OF LEARNER'S PERMIT 18 Y/OLDER USING A HANDHELD TELEPHONE WHILE OPER. M/V,License
DISPLAY  SUSPENDED LIC.,License
DISPLAY FICTITIOUS LIC.,License
DISPLAY FRAUDULENTLY ALTERED LIC.,License
DISPLAY REVOKED LIC.,License
DISPLAY SUSPENDED LIC.,License
"DISPLAY, CAUSE, PERMIT TO BE DISPLAYED SUSPENDED LIC.",License
DISPLAYING SUSPENDED LIC.,License
DOING FORBIDDEN ACT PERTAINING TO DRIVER'S LIC.,License
DRIVING MOTOR VEH WHILE LIC. SUSPENDED IN OTHER STATE FOR FAILURE TO APPEAR,License
DRIVING MOTOR VEH WHILE LIC. SUSPENDED IN OTHER STATE FOR FAILURE TO APPEAR OR FAILURE TO PAY FINE,License
"DRIVING MOTOR VEH WHILE LIC. SUSPENDED IN OTHER STATE FOR FAILURE TO APPEAR,FAILURE TO PAY FINE",License
DRIVING MOTOR VEH WHILE LIC. SUSPENDED IN OTHER STATE FOR FAILURE TO PAY FINE,License
DRIVING MOTOR VEH. WHILE LIC. SUSPENDED,License
DRIVING MOTOR VEH. WHILE LIC. SUSPENDED UNDER  26-204,License
"DRIVING MOTOR VEH. WHILE LIC. SUSPENDED UNDER  26-204,",License
DRIVING MOTOR VEH. WHILE LIC. SUSPENDED UNDER  26-206,License
DRIVING MOTOR VEH. WHILE LIC. SUSPENDED UNDER  27-103,License
DRIVING MOTOR VEH. WHILE LIC. SUSPENDED UNDER 17-106,License
"DRIVING MOTOR VEH. WHILE LIC. SUSPENDED UNDER 17-106,",License
"DRIVING MOTOR VEH. WHILE LIC. SUSPENDED UNDER 17-106, 26-204, 26-206, 27-103",License
DRIVING MOTOR VEH. WHILE LIC. SUSPENDED UNDER 17-106.,License
DRIVING MOTOR VEH. WHILE LIC. SUSPENDED UNDER 26-204,License
"DRIVING MOTOR VEH. WHILE LIC. SUSPENDED UNDER 26-204,",License
DRIVING MOTOR VEH. WHILE LIC. SUSPENDED UNDER 26-204.,License
DRIVING MOTOR VEH. WHILE LIC. SUSPENDED UNDER 26-206,License
"DRIVING MOTOR VEH. WHILE LIC. SUSPENDED UNDER 26-206,",License
DRIVING MOTOR VEH. WHILE LIC. SUSPENDED UNDER 26-206.,License
DRIVING MOTOR VEH. WHILE LIC. SUSPENDED UNDER 27-103,License
DRIVING MOTOR VEH. WHILE LIC. SUSPENDED UNDER 27-103.,License
DRIVING MOTOR VEH. WHILE LIC. SUSPENDED UNDER TR 17-106,License
"DRIVING MOTOR VEH. WHILE LIC. SUSPENDED UNDER TR 17-106, 26-204, 26-206, 27-103",License
DRIVING MOTOR VEH. WHILE LIC. SUSPENDED UNDER TR 26-204,License
DRIVING MOTOR VEH. WHILE LIC. SUSPENDED UNDER TR 26-206,License
DRIVING MOTOR VEH. WHILE LIC. SUSPENDED UNDER TR 27-103,License
DRIVING MOTOR VEHICLE WHEN NOT QUALIFIED TO DO SO,License
DRIVING MOTOR VEHICLE WHEN NOT QUALIFIED TO DO SO/MOTOR CARRIER PERMITTING PERS NOT QUALIFIED TO DRV,License
DRIVING MV IN THIS STATE UNDER FOREIGN LIC.&PERMITAFTER LIC.& PRIVILEGE SUSPENDED IN MARYLAND,License
FAIL AND REFUSE TO SURRENDER TO ADM. ON LAWFUL DEMAND SUSPENDED LIC.,License
"FAIL AND REFUSE TO SURRENDER TO ADM. ON LAWFUL DEMAND SUSPENDED, REVOKED, CANCELLED LIC.",License
FAIL OF DRIVER IN ATTEND VEH ACCIDENT TO FURNISH REQ ID & LIC,License
FAIL OF DRIVER IN ATTENDED PROPERTY ACCIDENT TO FURNISH REQ ID & LIC,License
FAIL OF DRIVER IN BODILY INJURY ACCIDENT TO FURNISH REQ ID & LIC,License
"FAIL OF DRIVER IN BODILY INJURY,DEATH,ATTEND VEH,ATTENDED PROPERTY ACCIDENT TO FURNISH REQ ID & LIC",License
FAIL OF VEH DRIVER IN ATTEND VEH ACCIDENT TO EXHIBIT LIC TO PO,License
FAIL OF VEH DRIVER IN BODILY INJ ACCIDENT TO EXHIBIT LIC TO PO,License
PERSON DRIVING MOTOR VEH. ON HWY ON REVOKED LIC. AND PRIVILEGE,License
PERSON DRIVING MOTOR VEH. ON HWY ON SUSPENDED LIC. AND PRIVILEGE,License
PERSON DRIVING MOTOR VEH. ON HWY ON SUSPENDED OUT OF STATE LIC.,License
PERSON DRIVING MOTOR VEH. ON HWY. ON CANCELLED LIC. AND PRIVILEGE,License
PERSON DRIVING MOTOR VEH. ON HWY. ON REVOKED LIC. AND PRIVILEGE,License
PERSON DRIVING MOTOR VEH. ON HWY. ON REVOKED OUT OF STATE LIC.,License
PERSON DRIVING MOTOR VEH. ON HWY. ON SUSPENDED LIC. AND PRIVILEGE,License
PERSON DRIVING MOTOR VEH. ON HWY. ON SUSPENDED OUT OF STATE LIC.,License
"PERSON DRIVING MOTOR VEH. ON HWY., ON SUSPENDED LIC. AND PRIVILEGE",License
"PERSON DRIVING MOTOR VEH. ON HWY., PUBLIC USE PROPERTY ON CANCELLED LIC. AND PRIVILEGE",License
"PERSON DRIVING MOTOR VEH. ON HWY., PUBLIC USE PROPERTY ON REVOKED LIC. AND PRIVILEGE",License
"PERSON DRIVING MOTOR VEH. ON HWY., PUBLIC USE PROPERTY ON SUSPENDED LIC. AND PRIVILEGE",License
PERSON DRIVING MOTOR VEH. ON HWY.ON SUSPENDED LIC. AND PRIVILEGE,License
POSSESSING CANCELLED LIC.,License
POSSESSING FICTITIOUS LIC.,License
POSSESSING FRAUDULENTLY ALTERED LIC.,License
POSSESSING REVOKED LIC.,License
HOLDER OF NON-COMMERCIAL CLASS C DR. LIC. DRIVE ON HWY M/V OF THE TYPE AUTH BY LIC,License
"HOLDER OF NON-COMMERCIAL CLASS C DR. LIC. DRIVE, ATTEMPT TO DR. ON HWY M/V OF THE TYPE AUTH BY LIC",License
HOLDER OF PROVISIONAL LIC 18 Y/OLDER USING A HANDHELD TELEPHONE WHILE OPER. M/V,License
VIOLATING LIC. RESTRICTION,License
VIOLATING PROVISIONAL LIC. RESTRICTION,License
DRIVER OPERATING MV WHEN DRIVER NOT QUALIFIED TO DO SO,License
FAILURE OF INDIVIDUAL DRIVING ON HWY. TO HAVE LIC.WITH HIM,License
PERSON DISPLAYING LIC. NOT ISSUED TO HIM,License
FAILING TO PERFORM REQUIRED ACT PERTAINING TO DRIVER'S LIC.,License
THROWING  ANY REFUSEON HWY.,Litter
THROWING ANY REFUSE ON HWY,Litter
THROWING ANY REFUSE ON HWY.,Litter
THROWING ANY REFUSEON HWY,Litter
THROWING ANY REFUSEON HWY.,Litter
THROWING INJURIOUS SUBSTANCE ON HWY,Litter
"THROWING, DUMPING, DISCHARGE, DEPOSIT ANY REFUSEON HWY.",Litter
"THROWING, DUMPING, DISCHARGE, DEPOSIT ANY REFUSEON HWY., PUBLIC BRIDGE, PUBLIC WATERS",Litter
DROPPING INJURIOUS SUBSTANCE ON HWY,Litter
CARD,Misc
CARGO MUST BE FIRMLY SECURED AND IMMOBILIZED,Misc
CARRYING LOOSE MATERIAL LOADED TO WITHIN SIX INCHES OF TOP OF ENCLOSURE W/O COVERING LOAD,Misc
DIRECTING AND PERMITTING HWY. VEH. OPERATION CONTRARY TO LAW,Misc
DRIVER FAILING TO PREVENT AGAINST LOSS OF LOAD,Misc
DRIVER FAILING TO SECURE LOAD TO PREVENT LOSS,Misc
DRIVER PERMITTING PERSON TO OCCUPY AREA OF VEHICLEPRIMARILY INTENDED TO CARRY CARGO,Misc
DRIVER RECORD OF DUTY STATUS NOT CURRENT,Misc
DRIVER SPINNING WHEELS,Misc
DRIVER USE OF MOTOR VEH. HORN ON HWY. WHEN NOT REASONABLY NECESSARY FOR SAFETY,Misc
DRIVING  UNSAFE VEH. ON HWY.,Misc
DRIVING A MOTOR VEH WITHOUT A VALID MEDICAL EXAMINERS CERTIFICATE IN POSSESSION,Misc
DRIVING A RENTED MOTOR VEHICLE IN VIOLATION OF RENTAL AGREEMENT,Misc
DRIVING A VEHICLE WHILE A REMOVABLE WINDSHIELD PLACARD IS HANGING FROM THE INSIDE REARVIEW MIRROR,Misc
DRIVING COMMERCIAL MOTOR VEH. WHILE LIC./PRIVLEGE SUSPENDED IN THIS STATE,Misc
DRIVING MOTOR VEH. IN MANNER INTENDED TO CAUSE EXCESSIVE NOISE,Misc
DRIVING MOTOR VEH. IN MANNER INTENDED TO CAUSE SKIDDING,Misc
DRIVING MOTOR VEHICLE WHEN NOT ABLE TO COMPLY WITH ENGLISH SPEAKING REQUIREMENTS,Misc
DRIVING UNSECURED LOADED VEH.,Misc
DRIVING VEH. IN RACE ON HWY.,Misc
DRIVING VEH. NOT EQUIPPED WITH AN IGNITION INTERLOCK AS REQUIRED BY PROGRAM,Misc
DRIVING VEH. W/O OWNER'S CONSENT WITH INTENT TO DEPRIVE OWNER,Misc
DRIVING VEH. WITH IMPROPERLY MOUNTED & SPACED TAIL LAMPS,Misc
DRIVING VEH. WITH PASSENGER OVERLOAD OBSTRUCTING DRIVER'S VIEW,Misc
DRIVING W/O CURRENT TAGS,Misc
"ENDANGERING HEALTH, SAFETY, WELFARE OF DOG BY LEAVING DOG UNATTENDED IN MOTOR VEHICLE",Misc
FAIL TO DISPLAY REG. CARD ON DEMAND,Misc
FAIL TO OBEY OUT-OF-SERVICE ORDER BU DRIVING COMMERCIAL M/V ON HWY.W/TRANSP. NONHAZARDOUS MATERIALS,Misc
FAIL TO OBTAIN NONRESIDENT PERMIT WITHIN REQ TIME PERIOD WHEN MAINTAIN/OCCUPY DWELL > 30 DAYS < 1 YR,Misc
FAILING TO DISPLAY PROPER VEHICLE I.D.,Misc
FAILURE OF DRIVER INVOLVED IN ACCIDENT TO RENDER REASONABLE ASSISTANCE TO INJURED PERSON,Misc
FAILURE OF LOADED HWY. VEH. TO BE SAFELY LOADED,Misc
FAILURE TO FULLY ENCLOSE BED OF VEHICLE CARRYING LOOSE MATERIAL,Misc
FAILURE TO IMMEDIATELY RETURN AND REMAIN AT SCENE OF ACCIDENT INVOLVING BODILY INJURY,Misc
FAILURE TO KEEP REQUIRED MOTOR VEH. RENTAL RECORDS,Misc
FAILURE TO OBEY LAWFUL SIGN AT AUTHORITY HIGHWAY,Misc
FAILURE TO SECURE ROLL-ON/OFF/HOOK-LIFT CONTAINERS BY PRODUCT SPECIFIC RULES,Misc
FAILURE TO SURRENDER RECOVERED ORIGINAL AFTER ISSUANCE OF DUPLICATE,Misc
FRAUDULENT POSSESSION OF VEH OWNERSHIP REG. PLATE,Misc
FRAUDULENT POSSESSION OF VEH REG. PLATE,Misc
FRAUDULENTLY APPLYING FOR VEH. REG.,Misc
HWY. DRIVEN VEH. EQUIPPED WITH TIRES WITH PROHIBITED PROJECTING PROTUBERANCE,Misc
KNOWINGLY PERMITTING VEH. UNDER PERSON'S CONTROL TO BE DRIVEN ON HWY. BY UNAUTHORIZED PERSON,Misc
LOW AIR WARNING DEVICE INOPERATIVE,Misc
MOTORCYCLE OPERATOR OVERTAKING AND PASSING VEH. IN SAME LANE,Misc
NEGLIGENT DRIVING,Misc
"NO LEAF SPRING SHALL BE CRACKED, BROKEN OR MISSING NOR SHIFTED OUT OF POSITION",Misc
"NO UNIV JOINT,STEER GEAR BX,PITMAN AREA SHALL BE WORN FAULTY/LOOSE/NOT HAVE LOOSE,MISS MOUNT BOLT",Misc
"OPER,PERMIT THE OPERATION OF SOUND AMPLIFICATIONSYSTEM FROM VEH THAT CAN BE HEARD FROM 50' OR MORE",Misc
OPERATING A COMMERCIAL MOTOR VEHICLE CMV W/O A CDL WHEN REQUIRED,Misc
OPERATING A COMMERCIAL MOTOR VEHICLE W/O A CDL WHEN REQUIRED,Misc
OWNER KNOWINGLY PERMITTING MOTOR VEH. TO BE DRIVEN ON HWY. BY UNAUTHORIZED PERSON,Misc
OWNER KNOWINGLY PERMITTING VEH. TO BE DRIVEN ON HWY. IF REG. IS SUSPENDED,Misc
OWNER KNOWINGLY PERMITTING VEH. TO BE DRIVEN ON HWY. W/O REG. CARD,Misc
PERMITTING UNAUTHORIZED PERSON TO DRIVE RENTED MOTOR VEHICLE IN VIOLATION OF RENTAL AGREEMENT,Misc
PERSON OCCUPYING AREA OFVEHICLE PRIMARILY INTENDEDTO CARRY CARGO,Misc
PERSON OPENING DOOR OF MOTOR VEH. ON MOVING TRAFFIC SIDE WHEN UNSAFE,Misc
"PERSON OPERATING MOPED, MOTOR SCOOTER W/O APPROVED EYE PROTECTIVE DEVICE, WINDSCREEN",Misc
PERSON OPERATING MOTOR SCOOTER W/O APPROVED EYE PROTECTIVE DEVICE,Misc
PROVISIONAL DRIVER UNDER 18 DRIVING M/V W/PASSENGER UNDER 18,Misc
REG,Misc
REG CARD,Misc
RETURN,Misc
RETURN CARD,Misc
RETURN TAGS,Misc
SUS,Misc
SUSP,Misc
susp,Misc
SUSP REG,Misc
suspended,Misc
TAGS,Misc
TAKING VEH. W/O OWNER'S CONSENT WITH INTENT TO DEPRIVE OWNER,Misc
USE OF CLASS 5 TRANSPORTER REG. PLATE OTHER THAN AS PERMITTED IN 13-625,Misc
WILLFULLY DISOBEYING DIRECTION OF A POLICE OFFICER,Misc
WILLFULLY DISOBEYING LAWFUL ORDER AND DIRECTION OF POLICE OFFICER,Misc
WILLFULLY DISOBEYING LAWFUL ORDER OF A POLICE OFFICER,Misc
"WILLFULLY DISOBEYING LAWFUL ORDER, DIRECTION OF A POLICE OFFICER",Misc
DRIVER READING A ELECTRONIC MSG. WHILE OPER. VEH. IN TRAVEL PORTION OF HWY,Mobile Phone
DRIVER READING A TEXT MSG. WHILE OPER. VEH. IN TRAVEL PORTION OF HWY,Mobile Phone
"DRIVER READING A TEXT,ELECTRONIC MSG. WHILE OPER. VEH. IN TRAVEL PORTION OF HWY",Mobile Phone
DRIVER READING AN ELECTRONIC MSG. WHILE OPER. VEH. IN TRAVEL PORTION OF HWY,Mobile Phone
DRIVER READING ELECTRONIC MSG. WHILE OPER. VEH. IN TRAVEL PORTION OF HWY,Mobile Phone
DRIVER SENDING A TEXT MSG. WHILE OPER. VEH. IN TRAVEL PORTION OF HWY,Mobile Phone
"DRIVER  WRITING,SENDING,READING A TEXT,ELECTRONIC MSG. WHILE OPER. VEH. IN TRAVEL PORTION OF HWY",Mobile Phone
DRIVER OF A CLASS H VEH CARRYING PASSENGERS AND INMOTION USING HANDHELD PHONE,Mobile Phone
DRIVER WRITING A ELECTRONIC MSG. WHILE OPER. VEH. IN TRAVEL PORTION OF HWY,Mobile Phone
DRIVER WRITING A TEXT MSG. WHILE OPER. VEH. IN TRAVEL PORTION OF HWY,Mobile Phone
DRIVER WRITING AN ELECTRONIC MSG. WHILE OPER. VEH. IN TRAVEL PORTION OF HWY,Mobile Phone
"DRIVER WRITING, SENDING, READING A TEXT, ELECTRONIC MSG. WHILE OPER. VEH. IN TRAVEL PORTION OF HWY",Mobile Phone
"DRIVER WRITING,SENDING,READING A ELECTRONIC MSG. WHILE OPER. VEH. IN TRAVEL PORTION OF HWY",Mobile Phone
"DRIVER WRITING,SENDING,READING A TEXT MSG. WHILE OPER. VEH. IN TRAVEL PORTION OF HWY",Mobile Phone
"DRIVER WRITING,SENDING,READING A TEXT,ELECTRONIC MSG. WHILE OPER. VEH. IN TRAVEL PORTION OF HWY",Mobile Phone
"DRIVER WRITING,SENDING,READING A TEXT,ELECTRONIC)MSG. WHILE OPER. VEH. IN TRAVEL PORTION OF HWY",Mobile Phone
"DRIVER WRITING,SENDING,READING ATEXT,ELECTRONIC MSG. WHILE OPER. VEH. IN TRAVEL PORTION OF HWY",Mobile Phone
"DRIVER WRITING,SENDING,READINGATEXT,ELECTRONICMSG. WHILE OPER. VEH. IN TRAVEL PORTION OF HWY",Mobile Phone
DRIVER USING HANDS TO USE HANDHELD TELEPHONE WHILE MOTOR VEHICLE IS IN MOTION,Mobile Phone
DRIVER USING HANDS TO USE HANDHELD TELEPHONE WHILEMOTOR VEHICLE IS IN MOTION,Mobile Phone
DRIVER USING HANDS TO USE HANDHELD TELEPHONE WHILEMOTOR VEHICLE IS IN MOTION SECONDARY ACTION,Mobile Phone
USING HAND-HELD MOBILE PHONE WHILE OPERATING A COMMERCIAL MOTOR VEHICLE,Mobile Phone
PARKING WHERE PROHIBITED BY OFFICIAL SIGNS,Parking
PARKING VEH. WHERE PROHIBITED BY OFFICIAL SIGN,Parking
PARKING VEH. WITHIN 15 FEET FIRE HYDRANT,Parking
PARKING VEH. WHEREVER PROHIBITED BY OFFICIAL SIGN,Parking
PARKING VEH. ON SIDEWALK,Parking
PARKING VEH. IN FRONT OF PRIVATE DRIVEWAY W/O OWNER'S CONSENT,Parking
"PARK IN DESIG INDIV W/DISIBILITIES SPACE W/O SPECIAL REG PLATE,WINDSHIELD PLACARD AND AUTH TO USE",Parking
PARKING VEH. IN INTERSECTION,Parking
PARKING VEH. ON HWY. OUTSIDE BUSINESS & RESIDENTIAL DISTRICT,Parking
PARKING VEH. ON CROSSWALK,Parking
PARKING VEH. ON PRIVATE PROPERTY W/O PERMISSION,Parking
PARKING VEH. WITHIN 20 FEET OF CROSSWALK,Parking
"STANDING, PARKING VEH. WITHIN 20 FEET OF CROSSWALK",Parking
FAILURE TO PARK VEH. WITHIN 12 INCHES OF RIGHT CURB,Parking
FAIL TO TRANSPORT CHILD UNDER AGE 16 IN CHILD SAFTEY SEAT PER INSTRUCTIONS,Parking
PROHIBITED DOUBLE PARKING,Parking
USE OF DISABLED PERSON PARKING PLACARD IF NOT DISABLED,Parking
USE OF DISABLED PERSON PARKING PLACARD IF NOT ACCOMPANIED BY DISABLED PERSON,Parking
USE OF DISABLED PERSON PARKING SPACE IF NOT DISABLED,Parking
"USE OF DISABLED PERSON PARKING PLACARD IF NOT DISABLED, ACCOMPANIED BY DISABLED PERSON",Parking
OPERATING VEH. WITH TEMPORARY PARKING PLACARD HANGING FROM INSIDE REARVIEW MIRROR,Parking
FAILURE TO EQUIP VEHICLE WITH PARKING LAMPS,Parking
FAILURE TO DISPLAY DISABLED PERSON PARKING PLACARD IN VEH. AS REQUIRED,Parking
OPERATING MOTOR VEHICLE WITHOUT PROPER PARKING BRAKE SYSTEM,Parking
PERSON WITH MD REG. VEHICLE FAILING TO TRANSPORT CHILD WEIGHING 40 LBS OR LESS IN CHILD SAFETY SEAT,Parking
OPER. M/V WITH OCCUPANT UNDER AGE 16 NOT RESTRAINED BY CHILD SAFETY SEAT,Parking
FAILURE TO CARRY REGISTRATION CARD WITHIN VEHICLE,Registration
OBSURING VEHICLE REGISTRATION PLATE W/INTENT TO AVOID ID,Registration
MODIFYING VEHICLE REGISTRATION PLATE W/INTENT TO AVOID ID,Registration
OBSCURING VEHICLE REGISTRATION PLATE W/INTENT TO AVOID ID,Registration
FAILURE TO DISPLAY REGISTRATION CARD UPON DEMAND BY POLICE OFFICER,Registration
DISPLAYING EXPIRED REGISTRATION PLATE ISSUED BY ANY STATE,Registration
DISPLAYING EXPIRED REGISTRATION PLATES ISSUED BY ANY STATE,Registration
DISPLAYING EXPIRED REGISTRATION PLATE  ISSUED BY ANY STATE,Registration
DISPLAYING EXPIRED REGISTRATION PLATEs ISSUED BY ANY STATE,Registration
FAILURE TO ATTACH SINGLE REGISTRATION PLATE ON FRONT OF CLASS F VEHICLE,Registration
FAILURE TO ATTACH SINGLE REGISTRATION PLATE ON REAR OF CLASS D OR CLASS G VEHICLE,Registration
FAILURE TO ATTACH SINGLE REGISTRATION PLATE ON REAR OF VEHICLE AS REQUIRED,Registration
FAILURE TO ATTACH VEHICLE REGISTRATION PLATES AT FRONT AND REAR,Registration
FAILURE TO PROPERLY PLACE REGISTRATION PLATE TO VEHICLE,Registration
FAILURE TO SECURELY FASTEN REGISTRATION PLATE TO VEHICLE,Registration
"OBSURING,MODIFYING VEHICLE REGISTRATION PLATE W/INTENT TO AVOID ID",Registration
FAILURE TO MAINTAIN LEGIBLE REGISTRATION PLATE FREE FROM COVERS,Registration
FAILURE TO MAINTAIN LEGIBLE REGISTRATION PLATE FREE FROM FOREIGN MATERIALS,Registration
"FAILURE TO MAINTAIN LEGIBLE REGISTRATION PLATE FREE FROM FOREIGN MATERIALS, COVERS",Registration
FAILURE TO MAINTAIN LEGIBLE REGISTRATION PLATE FREE FROM  COVERS,Registration
DRIVING MOTOR VEHICLE WHILE REGISTRATION SUSPENDEDUNDER 26-305B1,Registration
FAILURE TO MAINTAIN LEGIBLE REGISTRATION PLATE FREE FROM COVER,Registration
"FAILURE TO MAINTAIN LEGIBLE REGISTRATION PLATE FREE FROM FOREIGN MATERIALS,",Registration
FAILURE TO MAINTAIN LEGIBLE REGISTRATION PLATE,Registration
FAILURE TO MAINTAIN LEGIBLE REGISTRATION PLATE FREE FROM COVERS.,Registration
FAILURE TO MAINTAIN LEGIBLE REGISTRATION PLATE FREE FROM COVERS),Registration
FAILURE TO PROPERLY POSITION REGISTRATION PLATE TO VEHICLE,Registration
FAILURE TO  PROPERLY POSITION REGISTRATION PLATE TO VEHICLE,Registration
UNAUTHORIZED DISPLAY AND USE OF REGISTRATION PLATE,Registration
DRIVING VEH. ON HWY. WITH UNPAID REGISTRATION FEE,Registration
DRIVING VEH. ON HWY. WITH REVOKED REGISTRATION,Registration
DRIVING VEH. ON HWY. WITH SUSPENDED REGISTRATION,Registration
DRIVING VEH. ON HWY. WITH CANCELLED REGISTRATION,Registration
DRIVING VEHICLE ON HIGHWAY WITH SUSPENDED REGISTRATION,Registration
DRIVING VEHICLE ON HIGHWAY WITHOUT CURRENT REGISTRATION PLATES AND VALIDATION TABS,Registration
FAILURE TO PROPERLY MAINTAIN AND FASTEN VEHICLE REGISTRATION PLATE IN VISIBLE POSITION,Registration
PERMITTING VEH. TO BE DRIVEN ON HWY. W/O CURRENT REGISTRATION & VALIDATION TABS ISSUED BY ADM.,Registration
ALLOWING VEH. TO BE DRIVEN ON HWY. WITH SUSPENDED REGISTRATION,Registration
ALLOWING VEHICLE TO BE DRIVEN ON HWY. WITH UNPAID REGISTRATION FEE,Registration
"FAILURE TO SECURELY FASTEN, PROPERLY PLACE, POSITION REGISTRATION PLATE TO VEHICLE",Registration
PARKING UNREGISTERED MOTOR VEHICLE,Registration
DRIVING UNREGISTERED MOTOR VEHICLE ON HIGHWAY,Registration
DRIVING UNREGISTERED TRAILER ON HIGHWAY,Registration
OPERATING UNREGISTERED MOTOR VEHICLE ON HIGHWAY,Registration
OPERATING UNREGISTERED MOTOR VEHICLE,Registration
UNLAWFUL USE VEHICLE REGISTERED AS A HISTORIC MOTOR VEHICLE,Registration
ALLOWING UNREG. VEH. TO BE DRIVEN ON HWY.,Registration
ATTACHING UNAUTHORIZED VEH. REG. PLATE WITH INTENTTO CONCEAL VEH. OWNER ID,Registration
ATTACHING UNAUTHORIZED VEH. REG. PLATE WITH INTENTTO MISREPRESENT VEH. ID,Registration
DISPLAYING  REG. PLATE ISSUED FOR OTHER VEHICLE,Registration
DISPLAYING  REG. PLATE ISSUED FOR OTHER VEHICLE / TO OTHER PERSON,Registration
DISPLAYING / PERMITTING TO BE DISPLAYED REG. PLATE ISSUED FOR OTHER VEHICLE,Registration
DISPLAYING / PERMITTING TO BE DISPLAYED REG. PLATE ISSUED FOR OTHER VEHICLE / TO OTHER PERSON,Registration
DISPLAYING REG. PLATE ISSUED FOR OTHER VEH.,Registration
DISPLAYING REG. PLATE ISSUED FOR OTHER VEHICLE,Registration
DISPLAYING REG. PLATE ISSUED FOR OTHER VEHICLE / TO OTHER PERSON,Registration
DISPLAYING REG. PLATE ISSUED FOR OTHER VEHICLE.,Registration
DISPLAYING REG. PLATE ISSUED TO OTHER PERSON,Registration
DISPLAYING REG. PLATES ISSUED FOR OTHER VEH.,Registration
DRIVING VEH. ON HWY. WITH  SUSPENDED REG.,Registration
DRIVING VEH. ON HWY. WITH CANCELLED REG.,Registration
"DRIVING VEH. ON HWY. WITH CANCELLED, SUSPENDED, REVOKED REG.",Registration
DRIVING VEH. ON HWY. WITH SUSPENDED REG.,Registration
FAIL APPLY W/IN 48 HOURS FOR REPLACEMENT OF AFFIX-ED CURRENT REG.PLATE AFTER LOSS,Registration
FAIL APPLY W/IN 48 HOURS FOR REPLACEMENT OF AFFIX-ED CURRENT REG.PLATE AFTER THEFT,Registration
FAILURE OF VEH. DRIVER TO  CARRY CURRENT REG. CARD,Registration
FAILURE OF VEH. DRIVER TO CARRY CURRENT REG. CARD,Registration
FAILURE OF VEH. DRIVER TO DISPLAY CURRENT REG. PLATES,Registration
"FAILURE OF VEH. DRIVER TO DISPLAY CURRENT REG. PLATES, CARRY CURRENT REG. CARD",Registration
KNOWINGLY HOLDING FALSIFIED VEH.  REG. PLATE,Registration
KNOWINGLY HOLDING FALSIFIED VEH. DOCUMENT,Registration
KNOWINGLY HOLDING FALSIFIED VEH. REG. PLATE,Registration
KNOWINGLY PERMITTING UNAUTHORIZED USE OF REG. PLATE,Registration
KNOWINGLY USING FALSIFIED VEH.  REG. PLATE,Registration
KNOWINGLY USING FALSIFIED VEH. DOCUMENT,Registration
"KNOWINGLY USING FALSIFIED VEH. DOCUMENT, REG. PLATE",Registration
KNOWINGLY USING FALSIFIED VEH. REG. PLATE,Registration
UNLAWFUL POSSESSION OF EXPIRED VEH. REG. PLATES,Registration
USING A SEAT BELT TO RESTRAIN MORE THAN ONE INDIVIDUAL,Seatbelt
OPERATOR FAILURE TO USE SEAT BELT,Seatbelt
OPERATOR NOT RESTRAINED BY SEATBELT,Seatbelt
FAILURE TO HAVE REQ. REAR SEAT BELTS ON REGISTERED MOTOR VEH.,Seatbelt
FAILURE TO HAVE REQ. FRONT SEAT BELTS ON REGISTERED MOTOR VEH.,Seatbelt
OPERATOR FAILED TO PROPERLY USE SEAT BELT,Seatbelt
OCCUPANT UNDER 16 NOT RESTRAINED BY SEATBELT,Seatbelt
OPER. M/V WITH OPERATOR NOT RESTRAINED BY SEATBELT,Seatbelt
"OPER. M/V WITH OPERATOR NOT RESTRAINED BY SEATBELT,",Seatbelt
OPER. M/V WITH OPERATOR NOT RESTRAINED BY SEATBELT.,Seatbelt
FAIL TO TRANSPORT CHILD UNDER AGE 16 IN A SEAT BELT,Seatbelt
OPER. M/V WITH OPERATOR  NOT RESTRAINED BY SEATBELT,Seatbelt
FAIL TO TRANSPORT CHILD UNDER AGE 16 IN  A SEAT BELT,Seatbelt
OPER. MOTOR VEH. WITH OPERATOR NOT RESTRAINED BY SEAT BELT,Seatbelt
OPER. M/V WITH OCCUPANT UNDER AGE 16 NOT RESTRAINED BY SEATBELT,Seatbelt
"OPER. M/V WITH OCCUPANT UNDER AGE 16 NOT RESTRAINED BY SEATBELT, CHILD SAFETY SEAT",Seatbelt
TRANSP. CHILD UNDER AGE 16 AND OVER 40 LBS W/O SAFETY SEAT OR BELT,Seatbelt
PASSENGER AGE 16 OR MORE IN REAR SEAT OF MOTOR VEH WITHOUT SEATBELT RESTRAINT,Seatbelt
OPER. MOTOR VEH. WITH OCCUPANT UNDER 16 NOT RESTRAINED BY SEAT BELT,Seatbelt
PASSENGER AGE 16 OR MORE IN REAR SEAT OF MOTOR VEHICLE W/O SEAT BELT RESTRAINT,Seatbelt
PASSENGER AGE 16 OR MORE IN REAR SEAT OF MOTOR VEHICLE W/O SEAT BELT RESTRAINT SECONDARY ACTION,Seatbelt
"OPER. M/V WITH OPERATOR, OCCUPANT UNDER AGE 16 NOT RESTRAINED BY SEATBELT, CHILD SAFETY SEAT",Seatbelt
PASSENGER AGE 16 OR MORE IN OUTBOARD FRONT SEAT OF MOTOR VEHICLE W/O SEAT BELT RESTRAINT,Seatbelt
PASSENGER AGE 16 OR MORE IN OUTBOARD FRONT SEAT OF MOTOR VEHICLE WITHOUT SEATBELT RESTRAINT,Seatbelt
"FAIL TO TRANSPORT CHILD UNDER AGE 16 IN CHILD SAFTEY SEAT PER INSTRUCTIONS, A SEAT BELT",Seatbelt
DRIVER FAILURE TO USE SIGNAL LAMP BEFORE  TURN,Signalling
DRIVER FAILURE TO USE SIGNAL LAMP BEFORE TURN,Signalling
DRIVER FAILURE TO USE  SIGNAL LAMP BEFORE TURN,Signalling
FAILURE TO GIVE REQUIRED SIGNAL FOR VEH. RIGHT TURN,Signalling
FAILURE GIVE REQUIRED HAND SIGNAL FOR VEH. LEFT TURN,Signalling
DRIVER FAILING TO GIVE TURN SIGNAL CONTINUOUSLY DURING LAST 100' OF TRAVEL BEFORE TURNING,Signalling
ENTERING LANE OVER WHICH RED SIGNAL SHOWN,Signalling
DRIVING VEH. WITHOUT REQUIRED SIGNAL LAMPS,Signalling
FAILURE TO GIVE REQUIRED HAND SIGNAL FOR VEH. RIGHT TURN,Signalling
DRIVER FAILURE TO GIVE REQUIRED SIGNAL OF INTENTION TO TURN,Signalling
"FAILURE GIVE REQUIRED HAND, ARM SIGNAL FOR VEH. LEFT TURN",Signalling
TRAVELING IN LANE OVER WHICH RED SIGNAL SHOWN,Signalling
"FAILURE TO GIVE REQUIRED HAND, ARM SIGNAL FOR VEH. RIGHT TURN",Signalling
DRIVING MOTOR VEH. WITHOUT REQUIRED SIGNAL LAMPS,Signalling
DRIVER MAKING IMPROPER LEFT TURN AT RED SIGNAL,Signalling
DRIVER PASSING MOVING POLICE VEH. USING SIGNALS,Signalling
FAILURE OF DRIVER TO DRIVE TO CURB UPON SIGNAL BY  POLICE VEH.,Signalling
FAILURE OF DRIVER TO DRIVE TO CURB UPON SIGNAL BY EMERGENCY VEH.,Signalling
"FAILURE OF DRIVER TO DRIVE TO CURB UPON SIGNAL BY EMERGENCY, POLICE VEH.",Signalling
FAILURE OF DRIVER TO DRIVE TO CURB UPON SIGNAL BY POLICE,Signalling
FAILURE OF DRIVER TO DRIVE TO CURB UPON SIGNAL BY POLICE VEH,Signalling
FAILURE OF DRIVER TO DRIVE TO CURB UPON SIGNAL BY POLICE VEH.,Signalling
DRIVER  MAKING IMPROPER LEFT TURN AT RED SIGNAL,Signalling
DRIVER PASSING MOVING EMERGENCY VEH. USING SIGNALS,Signalling
"ENTERING, TRAVELING IN LANE OVER WHICH RED SIGNAL SHOWN",Signalling
DRIVER TURNING VEH. WITHOUT GIVING ADEQUATE SIGNAL,Signalling
DRIVER TURNING VEHICLE WITHOUT GIVING APPROPRIATE SIGNAL AS REQUIRED,Signalling
FAILURE TO EQUIP VEH. WITH REQUIRED ELECTRIC TURN SIGNALS,Signalling
FAIL TO YIELD INTERSECTION RIGHT-OF-WAY AFTER GREEN TRAFFIC SIGNAL,Signalling
FAILURE OF DRIVER TO YIELD RIGHT-OF-WAY TO POLICE VEH. USING SIGNALS,Signalling
FAILURE OF DRIVER TO YIELD RIGHT-OF-WAY TO EMERGENCY VEH. USING SIGNALS,Signalling
FAILURE OF DRIVER TO YIELD RIGHT-OF-WAY TO  EMERGENCY VEH. USING SIGNALS,Signalling
FAILURE TO YIELD THE RIGHT-OF-WAY TO PEDESTRIAN AFTER GREEN ARROW SIGNAL,Signalling
DRIVER FAIL TO EXERCISE CAUTION AT INTERSECTION WITH FLASHING YELLOW SIGNAL,Signalling
"FAILURE OF DRIVER TO YIELD RIGHT-OF-WAY TO POLICE, EMERGENCY VEH. USING SIGNALS",Signalling
FAILURE TO YIELD THE RIGHT-OF-WAY TO PEDESTRIAN ORBICYCLE AFTER GREEN ARROW SIGNAL,Signalling
FAILURE OF DR. TO YIELD TO ANY VEHICLE IN INTERSECTION W/NONFUNCTIONING TRAFFIC SIGNAL,Signalling
SPEED GREATER THAN REASONABLE,Speeding
SPEEDING,Speeding
EXCEEDING SPEED LIMIT IN SCHOOL ZONE WITH NOTICE OF DOUBLE FINES: 40 MPH IN 25 ZONE,Speeding
EXCEEDING SPEED LIMIT IN SCHOOL ZONE WITH FLASHING LIGHTS/NOTICE OF DOUBLE FINES: 34 MPH IN 25 ZONE,Speeding
DRIVING LOW SPEED VEH. ON HIWAY W/POSTED MAX. SPEED LIMIT EXCEEDS 30 MPH,Speeding
DRIVING VEH. IN SPEED CONTEST ON HWY.,Speeding
EXCEEDING MAXIMUM SPEED: 39 MPH IN A POSTED 30 MPH ZONE,Speeding
EXCEEDING MAXIMUM SPEED: 44 MPH IN A POSTED 35 MPH ZONE,Speeding
EXCEEDING MAXIMUM SPEED: 49 MPH IN A POSTED 40 MPH ZONE,Speeding
EXCEEDING MAXIMUM SPEED: 64 MPH IN A POSTED 55 MPH ZONE,Speeding
EXCEEDING MAXIMUM SPEED: 34 MPH IN A POSTED 25 MPH ZONE,Speeding
EXCEEDING MAXIMUM SPEED: 54 MPH IN A POSTED 45 MPH ZONE,Speeding
EXCEEDING MAXIMUM SPEED: 59 MPH IN A POSTED 40 MPH ZONE,Speeding
EXCEEDING MAXIMUM SPEED: 45 MPH IN A POSTED 30 MPH ZONE,Speeding
EXCEEDING MAXIMUM SPEED: 49 MPH IN A POSTED 30 MPH ZONE,Speeding
EXCEEDING MAXIMUM SPEED: 54 MPH IN A POSTED 35 MPH ZONE,Speeding
EXCEEDING MAXIMUM SPEED: 50 MPH IN A POSTED 35 MPH ZONE,Speeding
EXCEEDING MAXIMUM SPEED: 55 MPH IN A POSTED 40 MPH ZONE,Speeding
EXCEEDING MAXIMUM SPEED: 80 MPH IN A POSTED 55 MPH ZONE,Speeding
EXCEEDING MAXIMUM SPEED: 46 MPH IN A POSTED 30 MPH ZONE,Speeding
EXCEEDING MAXIMUM SPEED: 74 MPH IN A POSTED 55 MPH ZONE,Speeding
EXCEEDING MAXIMUM SPEED: 51 MPH IN A POSTED 35 MPH ZONE,Speeding
EXCEEDING MAXIMUM SPEED: 52 MPH IN A POSTED 35 MPH ZONE,Speeding
EXCEEDING MAXIMUM SPEED: 47 MPH IN A POSTED 30 MPH ZONE,Speeding
EXCEEDING MAXIMUM SPEED: 56 MPH IN A POSTED 40 MPH ZONE,Speeding
EXCEEDING MAXIMUM SPEED: 60 MPH IN A POSTED 40 MPH ZONE,Speeding
EXCEEDING MAXIMUM SPEED: 75 MPH IN A POSTED 55 MPH ZONE,Speeding
EXCEEDING MAXIMUM SPEED: 55 MPH IN A POSTED 35 MPH ZONE,Speeding
EXCEEDING MAXIMUM SPEED: 48 MPH IN A POSTED 30 MPH ZONE,Speeding
EXCEEDING MAXIMUM SPEED: 57 MPH IN A POSTED 40 MPH ZONE,Speeding
EXCEEDING MAXIMUM SPEED: 53 MPH IN A POSTED 35 MPH ZONE,Speeding
EXCEEDING MAXIMUM SPEED: 58 MPH IN A POSTED 40 MPH ZONE,Speeding
EXCEEDING MAXIMUM SPEED: 50 MPH IN A POSTED 30 MPH ZONE,Speeding
EXCEEDING MAXIMUM SPEED: 70 MPH IN A POSTED 55 MPH ZONE,Speeding
EXCEEDING MAXIMUM SPEED: 56 MPH IN A POSTED 35 MPH ZONE,Speeding
EXCEEDING MAXIMUM SPEED: 78 MPH IN A POSTED 55 MPH ZONE,Speeding
EXCEEDING MAXIMUM SPEED: 59 MPH IN A POSTED 50 MPH ZONE,Speeding
EXCEEDING MAXIMUM SPEED: 77 MPH IN A POSTED 55 MPH ZONE,Speeding
EXCEEDING MAXIMUM SPEED: 64 MPH IN A POSTED 45 MPH ZONE,Speeding
EXCEEDING MAXIMUM SPEED: 76 MPH IN A POSTED 55 MPH ZONE,Speeding
EXCEEDING MAXIMUM SPEED: 61 MPH IN A POSTED 45 MPH ZONE,Speeding
EXCEEDING MAXIMUM SPEED: 60 MPH IN A POSTED 45 MPH ZONE,Speeding
EXCEEDING MAXIMUM SPEED: 85 MPH IN A POSTED 55 MPH ZONE,Speeding
EXCEEDING MAXIMUM SPEED: 57 MPH IN A POSTED 35 MPH ZONE,Speeding
EXCEEDING MAXIMUM SPEED: 79 MPH IN A POSTED 55 MPH ZONE,Speeding
EXCEEDING MAXIMUM SPEED: 61 MPH IN A POSTED 40 MPH ZONE,Speeding
EXCEEDING MAXIMUM SPEED: 51 MPH IN A POSTED 30 MPH ZONE,Speeding
EXCEEDING MAXIMUM SPEED: 62 MPH IN A POSTED 45 MPH ZONE,Speeding
EXCEEDING MAXIMUM SPEED: 72 MPH IN A POSTED 55 MPH ZONE,Speeding
EXCEEDING MAXIMUM SPEED: 73 MPH IN A POSTED 55 MPH ZONE,Speeding
EXCEEDING MAXIMUM SPEED: 63 MPH IN A POSTED 45 MPH ZONE,Speeding
EXCEEDING MAXIMUM SPEED: 62 MPH IN A POSTED 40 MPH ZONE,Speeding
EXCEEDING MAXIMUM SPEED: 60 MPH IN A POSTED 35 MPH ZONE,Speeding
EXCEEDING MAXIMUM SPEED: 58 MPH IN A POSTED 35 MPH ZONE,Speeding
EXCEEDING MAXIMUM SPEED: 52 MPH IN A POSTED 30 MPH ZONE,Speeding
EXCEEDING MAXIMUM SPEED: 50 MPH IN A POSTED 40 MPH ZONE,Speeding
EXCEEDING MAXIMUM SPEED: 82 MPH IN A POSTED 55 MPH ZONE,Speeding
EXCEEDING MAXIMUM SPEED: 81 MPH IN A POSTED 55 MPH ZONE,Speeding
EXCEEDING MAXIMUM SPEED: 63 MPH IN A POSTED 40 MPH ZONE,Speeding
EXCEEDING MAXIMUM SPEED: 65 MPH IN A POSTED 45 MPH ZONE,Speeding
EXCEEDING MAXIMUM SPEED: 59 MPH IN A POSTED 35 MPH ZONE,Speeding
EXCEEDING MAXIMUM SPEED: 84 MPH IN A POSTED 55 MPH ZONE,Speeding
EXCEEDING MAXIMUM SPEED: 90 MPH IN A POSTED 55 MPH ZONE,Speeding
EXCEEDING MAXIMUM SPEED: 71 MPH IN A POSTED 55 MPH ZONE,Speeding
EXCEEDING MAXIMUM SPEED: 40 MPH IN A POSTED 25 MPH ZONE,Speeding
EXCEEDING MAXIMUM SPEED: 65 MPH IN A POSTED 40 MPH ZONE,Speeding
EXCEEDING MAXIMUM SPEED: 53 MPH IN A POSTED 30 MPH ZONE,Speeding
EXCEEDING MAXIMUM SPEED: 69 MPH IN A POSTED 50 MPH ZONE,Speeding
EXCEEDING MAXIMUM SPEED: 66 MPH IN A POSTED 45 MPH ZONE,Speeding
EXCEEDING MAXIMUM SPEED: 69 MPH IN A POSTED 60 MPH ZONE,Speeding
EXCEEDING MAXIMUM SPEED: 54 MPH IN A POSTED 30 MPH ZONE,Speeding
EXCEEDING MAXIMUM SPEED: 65 MPH IN A POSTED 55 MPH ZONE,Speeding
EXCEEDING MAXIMUM SPEED: 64 MPH IN A POSTED 40 MPH ZONE,Speeding
EXCEEDING MAXIMUM SPEED: 67 MPH IN A POSTED 50 MPH ZONE,Speeding
EXCEEDING MAXIMUM SPEED: 54 MPH IN A POSTED 40 MPH ZONE,Speeding
EXCEEDING MAXIMUM SPEED: 83 MPH IN A POSTED 55 MPH ZONE,Speeding
EXCEEDING MAXIMUM SPEED: 30 MPH IN A POSTED 25 MPH ZONE,Speeding
EXCEEDING MAXIMUM SPEED: 70 MPH IN A POSTED 50 MPH ZONE,Speeding
EXCEEDING MAXIMUM SPEED: 68 MPH IN A POSTED 50 MPH ZONE,Speeding
EXCEEDING MAXIMUM SPEED: 49 MPH IN A POSTED 35 MPH ZONE,Speeding
EXCEEDING MAXIMUM SPEED: 55 MPH IN A POSTED 30 MPH ZONE,Speeding
EXCEEDING MAXIMUM SPEED: 44 MPH IN A POSTED 25 MPH ZONE,Speeding
EXCEEDING MAXIMUM SPEED: 70 MPH IN A POSTED 40 MPH ZONE,Speeding
EXCEEDING MAXIMUM SPEED: 53 MPH IN A POSTED 40 MPH ZONE,Speeding
EXCEEDING MAXIMUM SPEED: 40 MPH IN A POSTED 30 MPH ZONE,Speeding
EXCEEDING MAXIMUM SPEED: 41 MPH IN A POSTED 25 MPH ZONE,Speeding
EXCEEDING MAXIMUM SPEED: 66 MPH IN A POSTED 50 MPH ZONE,Speeding
EXCEEDING MAXIMUM SPEED: 45 MPH IN A POSTED 35 MPH ZONE,Speeding
EXCEEDING MAXIMUM SPEED: 61 MPH IN A POSTED 35 MPH ZONE,Speeding
EXCEEDING MAXIMUM SPEED: 56 MPH IN A POSTED 30 MPH ZONE,Speeding
EXCEEDING MAXIMUM SPEED: 65 MPH IN A POSTED 50 MPH ZONE,Speeding
EXCEEDING MAXIMUM SPEED: 45 MPH IN A POSTED 25 MPH ZONE,Speeding
EXCEEDING MAXIMUM SPEED: 42 MPH IN A POSTED 25 MPH ZONE,Speeding
EXCEEDING MAXIMUM SPEED: 59 MPH IN A POSTED 45 MPH ZONE,Speeding
EXCEEDING MAXIMUM SPEED: 68 MPH IN A POSTED 45 MPH ZONE,Speeding
EXCEEDING MAXIMUM SPEED: 55 MPH IN A POSTED 45 MPH ZONE,Speeding
EXCEEDING MAXIMUM SPEED: 67 MPH IN A POSTED 45 MPH ZONE,Speeding
EXCEEDING MAXIMUM SPEED: 43 MPH IN A POSTED 25 MPH ZONE,Speeding
EXCEEDING MAXIMUM SPEED: 44 MPH IN A POSTED 30 MPH ZONE,Speeding
EXCEEDING MAXIMUM SPEED: 69 MPH IN A POSTED 40 MPH ZONE,Speeding
EXCEEDING MAXIMUM SPEED: 52 MPH IN A POSTED 40 MPH ZONE,Speeding
EXCEEDING MAXIMUM SPEED: 100 MPH IN A POSTED 55 MPH ZONE,Speeding
EXCEEDING MAXIMUM SPEED: 66 MPH IN A POSTED 40 MPH ZONE,Speeding
EXCEEDING MAXIMUM SPEED: 48 MPH IN A POSTED 35 MPH ZONE,Speeding
EXCEEDING MAXIMUM SPEED: 62 MPH IN A POSTED 35 MPH ZONE,Speeding
EXCEEDING MAXIMUM SPEED: 58 MPH IN A POSTED 45 MPH ZONE,Speeding
FAILURE TO REDUCE SPEED IN DANGEROUS WEATHER,Speeding
EXCEEDING MAXIMUM SPEED: 60 MPH IN A POSTED 30 MPH ZONE,Speeding
EXCEEDING MAXIMUM SPEED: 70 MPH IN A POSTED 45 MPH ZONE,Speeding
FAILURE TO REDUCE SPEED ON CURVE,Speeding
EXCEEDING MAXIMUM SPEED: 59 MPH IN A POSTED 30 MPH ZONE,Speeding
"FAILURE TO REDUCE SPEED IN DANGEROUS WEATHER, HIGHWAY CONDITIONS",Speeding
EXCEEDING MAXIMUM SPEED: 67 MPH IN A POSTED 40 MPH ZONE,Speeding
EXCEEDING MAXIMUM SPEED: 64 MPH IN A POSTED 35 MPH ZONE,Speeding
EXCEEDING MAXIMUM SPEED: 95 MPH IN A POSTED 55 MPH ZONE,Speeding
EXCEEDING MAXIMUM SPEED: 86 MPH IN A POSTED 55 MPH ZONE,Speeding
EXCEEDING MAXIMUM SPEED: 51 MPH IN A POSTED 40 MPH ZONE,Speeding
EXCEEDING MAXIMUM SPEED: 57 MPH IN A POSTED 30 MPH ZONE,Speeding
EXCEEDING MAXIMUM SPEED: 60 MPH IN A POSTED 55 MPH ZONE,Speeding
EXCEEDING MAXIMUM SPEED: 68 MPH IN A POSTED 40 MPH ZONE,Speeding
EXCEEDING MAXIMUM SPEED: 88 MPH IN A POSTED 55 MPH ZONE,Speeding
EXCEEDING MAXIMUM SPEED: 65 MPH IN A POSTED 35 MPH ZONE,Speeding
EXCEEDING MAXIMUM SPEED: 87 MPH IN A POSTED 55 MPH ZONE,Speeding
EXCEEDING MAXIMUM SPEED: 47 MPH IN A POSTED 35 MPH ZONE,Speeding
EXCEEDING MAXIMUM SPEED: 69 MPH IN A POSTED 45 MPH ZONE,Speeding
EXCEEDING MAXIMUM SPEED: 71 MPH IN A POSTED 50 MPH ZONE,Speeding
EXCEEDING MAXIMUM SPEED: 58 MPH IN A POSTED 30 MPH ZONE,Speeding
EXCEEDING MAXIMUM SPEED: 63 MPH IN A POSTED 35 MPH ZONE,Speeding
EXCEEDING MAXIMUM SPEED: 50 MPH IN A POSTED 45 MPH ZONE,Speeding
EXCEEDING MAXIMUM SPEED: 45 MPH IN A POSTED 40 MPH ZONE,Speeding
EXCEEDING MAXIMUM SPEED: 40 MPH IN A POSTED 35 MPH ZONE,Speeding
EXCEEDING MAXIMUM SPEED: 71 MPH IN A POSTED 45 MPH ZONE,Speeding
EXCEEDING MAXIMUM SPEED: 42 MPH IN A POSTED 30 MPH ZONE,Speeding
EXCEEDING MAXIMUM SPEED: 72 MPH IN A POSTED 45 MPH ZONE,Speeding
EXCEEDING MAXIMUM SPEED: 80 MPH IN A POSTED 60 MPH ZONE,Speeding
EXCEEDING MAXIMUM SPEED: 39 MPH IN A POSTED 25 MPH ZONE,Speeding
EXCEEDING MAXIMUM SPEED: 38 MPH IN A POSTED 25 MPH ZONE,Speeding
EXCEEDING MAXIMUM SPEED: 57 MPH IN A POSTED 45 MPH ZONE,Speeding
EXCEEDING MAXIMUM SPEED: 70 MPH IN A POSTED 35 MPH ZONE,Speeding
FAILURE TO REDUCE SPEED IN DANGEROUS HIGHWAY CONDITIONS,Speeding
EXCEEDING MAXIMUM SPEED: 89 MPH IN A POSTED 55 MPH ZONE,Speeding
EXCEEDING MAXIMUM SPEED: 43 MPH IN A POSTED 30 MPH ZONE,Speeding
EXCEEDING MAXIMUM SPEED: 75 MPH IN A POSTED 45 MPH ZONE,Speeding
EXCEEDING MAXIMUM SPEED: 72 MPH IN A POSTED 40 MPH ZONE,Speeding
EXCEEDING MAXIMUM SPEED: 71 MPH IN A POSTED 40 MPH ZONE,Speeding
EXCEEDING MAXIMUM SPEED: 60 MPH IN A POSTED 50 MPH ZONE,Speeding
EXCEEDING MAXIMUM SPEED: 68 MPH IN A POSTED 55 MPH ZONE,Speeding
EXCEEDING MAXIMUM SPEED: 48 MPH IN A POSTED 40 MPH ZONE,Speeding
EXCEEDING MAXIMUM SPEED: 66 MPH IN A POSTED 35 MPH ZONE,Speeding
EXCEEDING MAXIMUM SPEED: 47 MPH IN A POSTED 25 MPH ZONE,Speeding
EXCEEDING MAXIMUM SPEED: 72 MPH IN A POSTED 50 MPH ZONE,Speeding
EXCEEDING MAXIMUM SPEED: 80 MPH IN A POSTED 45 MPH ZONE,Speeding
EXCEEDING MAXIMUM SPEED: 46 MPH IN A POSTED 25 MPH ZONE,Speeding
EXCEEDING MAXIMUM SPEED: 50 MPH IN A POSTED 25 MPH ZONE,Speeding
EXCEEDING MAXIMUM SPEED: 73 MPH IN A POSTED 45 MPH ZONE,Speeding
EXCEEDING MAXIMUM SPEED: 92 MPH IN A POSTED 55 MPH ZONE,Speeding
EXCEEDING MAXIMUM SPEED: 74 MPH IN A POSTED 45 MPH ZONE,Speeding
EXCEEDING MAXIMUM SPEED: 74 MPH IN A POSTED 50 MPH ZONE,Speeding
EXCEEDING MAXIMUM SPEED: 69 MPH IN A POSTED 55 MPH ZONE,Speeding
FAILURE TO REDUCE SPEED IN DANGEROUS WEATHER CONDITIONS,Speeding
EXCEEDING MAXIMUM SPEED: 75 MPH IN A POSTED 60 MPH ZONE,Speeding
EXCEEDING MAXIMUM SPEED: 35 MPH IN A POSTED 25 MPH ZONE,Speeding
EXCEEDING MAXIMUM SPEED: 73 MPH IN A POSTED 50 MPH ZONE,Speeding
EXCEEDING MAXIMUM SPEED: 46 MPH IN A POSTED 35 MPH ZONE,Speeding
EXCEEDING MAXIMUM SPEED: 75 MPH IN A POSTED 40 MPH ZONE,Speeding
EXCEEDING MAXIMUM SPEED: 91 MPH IN A POSTED 55 MPH ZONE,Speeding
EXCEEDING MAXIMUM SPEED: 61 MPH IN A POSTED 30 MPH ZONE,Speeding
EXCEEDING MAXIMUM SPEED: 41 MPH IN A POSTED 30 MPH ZONE,Speeding
EXCEEDING MAXIMUM SPEED: 67 MPH IN A POSTED 35 MPH ZONE,Speeding
EXCEEDING MAXIMUM SPEED: 56 MPH IN A POSTED 45 MPH ZONE,Speeding
EXCEEDING MAXIMUM SPEED: 70 MPH IN A POSTED 60 MPH ZONE,Speeding
EXCEEDING MAXIMUM SPEED: 110 MPH IN A POSTED 55 MPH ZONE,Speeding
EXCEEDING MAXIMUM SPEED: 80 MPH IN A POSTED 50 MPH ZONE,Speeding
EXCEEDING MAXIMUM SPEED: 43 MPH IN A POSTED 35 MPH ZONE,Speeding
EXCEEDING MAXIMUM SPEED: 96 MPH IN A POSTED 55 MPH ZONE,Speeding
EXCEEDING MAXIMUM SPEED: 75 MPH IN A POSTED 50 MPH ZONE,Speeding
EXCEEDING MAXIMUM SPEED: 73 MPH IN A POSTED 40 MPH ZONE,Speeding
EXCEEDING MAXIMUM SPEED: 93 MPH IN A POSTED 55 MPH ZONE,Speeding
EXCEEDING MAXIMUM SPEED: 48 MPH IN A POSTED 25 MPH ZONE,Speeding
EXCEEDING MAXIMUM SPEED: 77 MPH IN A POSTED 50 MPH ZONE,Speeding
EXCEEDING MAXIMUM SPEED: 80 MPH IN A POSTED 40 MPH ZONE,Speeding
EXCEEDING MAXIMUM SPEED: 79 MPH IN A POSTED 60 MPH ZONE,Speeding
EXCEEDING MAXIMUM SPEED: 36 MPH IN A POSTED 25 MPH ZONE,Speeding
EXCEEDING MAXIMUM SPEED: 62 MPH IN A POSTED 30 MPH ZONE,Speeding
EXCEEDING MAXIMUM SPEED: 38 MPH IN A POSTED 30 MPH ZONE,Speeding
EXCEEDING MAXIMUM SPEED: 37 MPH IN A POSTED 25 MPH ZONE,Speeding
EXCEEDING MAXIMUM SPEED: 69 MPH IN A POSTED 35 MPH ZONE,Speeding
EXCEEDING MAXIMUM SPEED: 94 MPH IN A POSTED 55 MPH ZONE,Speeding
EXCEEDING MAXIMUM SPEED: 120 MPH IN A POSTED 55 MPH ZONE,Speeding
EXCEEDING MAXIMUM SPEED: 68 MPH IN A POSTED 35 MPH ZONE,Speeding
EXCEEDING MAXIMUM SPEED: 105 MPH IN A POSTED 55 MPH ZONE,Speeding
EXCEEDING MAXIMUM SPEED: 79 MPH IN A POSTED 50 MPH ZONE,Speeding
EXCEEDING MAXIMUM SPEED: 49 MPH IN A POSTED 25 MPH ZONE,Speeding
EXCEEDING MAXIMUM SPEED: 76 MPH IN A POSTED 40 MPH ZONE,Speeding
EXCEEDING MAXIMUM SPEED: 76 MPH IN A POSTED 45 MPH ZONE,Speeding
EXCEEDING MAXIMUM SPEED: 76 MPH IN A POSTED 50 MPH ZONE,Speeding
FAILURE TO REDUCE SPEED ON NARROW & WINDING ROADWAY,Speeding
EXCEEDING MAXIMUM SPEED: 63 MPH IN A POSTED 30 MPH ZONE,Speeding
EXCEEDING MAXIMUM SPEED: 35 MPH IN A POSTED 30 MPH ZONE,Speeding
EXCEEDING MAXIMUM SPEED: 51 MPH IN A POSTED 25 MPH ZONE,Speeding
DRIVER INCREASING SPEED WHEN OVERTAKEN BY PASSING VEHICLE,Speeding
EXCEEDING MAXIMUM SPEED: 98 MPH IN A POSTED 55 MPH ZONE,Speeding
EXCEEDING MAXIMUM SPEED: 78 MPH IN A POSTED 45 MPH ZONE,Speeding
EXCEEDING MAXIMUM SPEED: 74 MPH IN A POSTED 40 MPH ZONE,Speeding
EXCEEDING MAXIMUM SPEED: 85 MPH IN A POSTED 50 MPH ZONE,Speeding
EXCEEDING MAXIMUM SPEED: 80 MPH IN A POSTED 35 MPH ZONE,Speeding
EXCEEDING MAXIMUM SPEED: 64 MPH IN A POSTED 50 MPH ZONE,Speeding
EXCEEDING MAXIMUM SPEED: 90 MPH IN A POSTED 40 MPH ZONE,Speeding
EXCEEDING MAXIMUM SPEED: 53 MPH IN A POSTED 45 MPH ZONE,Speeding
EXCEEDING MAXIMUM SPEED: 47 MPH IN A POSTED 40 MPH ZONE,Speeding
EXCEEDING MAXIMUM SPEED: 46 MPH IN A POSTED 40 MPH ZONE,Speeding
EXCEEDING MAXIMUM SPEED: 66 MPH IN A POSTED 55 MPH ZONE,Speeding
EXCEEDING THE POSTED SPEED LIMIT OF 30 MPH,Speeding
EXCEEDING THE POSTED SPEED LIMIT OF 40 MPH,Speeding
EXCEEDING THE POSTED SPEED LIMIT OF 35 MPH,Speeding
EXCEEDING THE POSTED SPEED LIMIT OF 55 MPH,Speeding
EXCEEDING THE POSTED SPEED LIMIT OF 45 MPH,Speeding
EXCEEDING THE POSTED SPEED LIMIT OF 25 MPH,Speeding
EXCEEDING THE POSTED SPEED LIMIT OF 50 MPH,Speeding
EXCEEDING THE POSTED SPEED LIMIT OF 60 MPH,Speeding
EXCEEDING THE POSTED SPEED LIMIT OF 65 MPH,Speeding
EXCEEDING MAX. POSTED SPEED ON ELEVATED STRUCTURE,Speeding
"DRIVING VEH. IN RACE, SPEED CONTEST ON HWY.",Speeding
EXCEEDING MAX. POSTED SPEED ON BRIDGE,Speeding
FAILURE TO CONTROL VEH. SPEED ON HWY. TO AVOID COLLISION,Speeding
FAILURE TO CONTROL VEHICLE SPEED ON HIGHWAY TO AVOID COLLISION,Speeding
DRIVING VEH. BELOW MINIMUM SPEED LIMIT ON POSTED HWY.,Speeding
EXCEEDING HIGHWAY WORKZONE SPEED LIMIT,Speeding
EXCEEDING HIGHWAY WORK ZONE SPEED LIMIT,Speeding
FAILURE OF DRIVER DRIVING BELOW SPEED LIMIT TO KEEP RIGHT,Speeding
"FAILURE OF DRIVER DRIVING BELOW SPEED LIMIT, NORMAL SPEED OF TRAFFIC TO KEEP RIGHT",Speeding
FAILURE TO MAINTAIN POSTED MINIMUM SPEED ON AUTHORITY HIGHWAY,Speeding
WILLFULLY DRIVING MOTOR VEH. AT SLOW SPEED IMPEDING NORMAL AND REASONABLE TRAFFIC MOVEMENT,Speeding
FAILURE OF DRIVER DRIVING BELOW NORMAL SPEED OF TRAFFIC TO KEEP RIGHT,Speeding
FAILURE OF DR. TO SLOW TO REASONABLE & PRUDENT SPEED WHILE PASSING STOPPED EMERG. VEH.,Speeding
FAILURE OF DR. TO SLOW TO REASONABLE & PRUDENT SPEED WHILE PASSING STOPPED EMERG. VEH,Speeding
"FAILURE OF DR. TO SLOW TO REASONABLE & PRUDENT SPEED WHILE PASSING STOPPED EMERG. VEH., TOW TRUCK",Speeding
"FAILURE OF DR. TO SLOW TO REASONABLE & PRUDENT SPEED WHILE PASSING STOPPED EMERG. VEH.,",Speeding
DRIVING VEH IN EXCESS OF REASONABLE AND PRUDENT SPEED ON HWY,Speeding
DRIVING VEHICLE IN EXCESS OF REASONABLE AND PRUDENT SPEED ON HIGHWAY,Speeding
DRIVING VEHICLE IN EXCESS OF REASONABLE AND PRUDENT SPEED ON HIGHWAY SPEED,Speeding
DRIVING VEHICLE IN EXCESS OF REASONABLE AND PRUDENT SPEED ON HIGHWAY 60,Speeding
DRIVING VEHICLE IN EXCESS OF REASONABLE AND PRUDENT SPEED ON HIGHWAY 55,Speeding
DRIVING VEHICLE IN EXCESS OF REASONABLE AND PRUDENT SPEED ON HIGHWAY 50,Speeding
DRIVING VEHICLE IN EXCESS OF REASONABLE AND PRUDENT SPEED ON HIGHWAY 45,Speeding
DRIVING VEHICLE IN EXCESS OF REASONABLE AND PRUDENT SPEED ON HIGHWAY 40,Speeding
DRIVING VEHICLE IN EXCESS OF REASONABLE AND PRUDENT SPEED ON HIGHWAY.,Speeding
DRIVING VEHICLE IN EXCESS OF REASONABLE AND PRUDENT SPEED ON HIGHWAY 70,Speeding
DRIVING VEHICLE IN EXCESS OF REASONABLE AND PRUDENT SPEED ON HIGHWAY 65,Speeding
DRIVING VEHICLE IN EXCESS OF REASONABLE AND PRUDENT SPEED ON HIGHWAY 35,Speeding
DRIVING VEHICLE IN EXCESS OF REASONABLE AND PRUDENT SPEED ON HIGHWAY 80,Speeding
DRIVING VEHICLE IN EXCESS OF REASONABLE AND PRUDENT SPEED ON HIGHWAY 59 IN 40,Speeding
DRIVING VEHICLE IN EXCESS OF REASONABLE AND PRUDENT SPEED ON HIGHWAY 45/30,Speeding
DRIVING VEHICLE IN EXCESS OF REASONABLE AND PRUDENT SPEED ON HIGHWAY 58 IN 40,Speeding
DRIVING VEHICLE IN EXCESS OF REASONABLE AND PRUDENT SPEED ON HIGHWAY 75,Speeding
DRIVING VEHICLE IN EXCESS OF REASONABLE AND PRUDENT SPEED ON HIGHWAY 58,Speeding
DRIVING VEHICLE IN EXCESS OF REASONABLE AND PRUDENT SPEED ON HIGHWAY 60 IN 45,Speeding
DRIVING VEHICLE IN EXCESS OF REASONABLE AND PRUDENT SPEED ON HIGHWAY 80/55,Speeding
DRIVING VEHICLE IN EXCESS OF REASONABLE AND PRUDENT SPEED ON HIGHWAY 60MPH,Speeding
DRIVING VEHICLE IN EXCESS OF REASONABLE AND PRUDENT SPEED ON HIGHWAY 57 IN 40,Speeding
DRIVING VEHICLE IN EXCESS OF REASONABLE AND PRUDENT SPEED ON HIGHWAY 56,Speeding
DRIVING VEHICLE IN EXCESS OF REASONABLE AND PRUDENT SPEED ON HIGHWAY 90,Speeding
DRIVING VEHICLE IN EXCESS OF REASONABLE AND PRUDENT SPEED ON HIGHWAY 40MPH,Speeding
DRIVING VEHICLE IN EXCESS OF REASONABLE AND PRUDENT SPEED ON HIGHWAY 44/30,Speeding
DRIVING VEHICLE IN EXCESS OF REASONABLE AND PRUDENT SPEED ON HIGHWAY 25,Speeding
DRIVING VEHICLE IN EXCESS OF REASONABLE AND PRUDENT SPEED ON HIGHWAY 70MPH,Speeding
DRIVING VEHICLE IN EXCESS OF REASONABLE AND PRUDENT SPEED ON HIGHWAY 54,Speeding
DRIVING VEHICLE IN EXCESS OF REASONABLE AND PRUDENT SPEED ON HIGHWAY 48/30,Speeding
DRIVING VEHICLE IN EXCESS OF REASONABLE AND PRUDENT SPEED ON HIGHWAY 60/40,Speeding
DRIVING VEHICLE IN EXCESS OF REASONABLE AND PRUDENT SPEED ON HIGHWAY 35MPH,Speeding
DRIVING VEHICLE IN EXCESS OF REASONABLE AND PRUDENT SPEED ON HIGHWAY 30 MPH,Speeding
DRIVING VEHICLE IN EXCESS OF REASONABLE AND PRUDENT SPEED ON HIGHWAY 46,Speeding
DRIVING VEHICLE IN EXCESS OF REASONABLE AND PRUDENT SPEED ON HIGHWAY 57,Speeding
DRIVING VEHICLE IN EXCESS OF REASONABLE AND PRUDENT SPEED ON HIGHWAY 56 IN 40,Speeding
DRIVING VEHICLE IN EXCESS OF REASONABLE AND PRUDENT SPEED ON HIGHWAY 46/30,Speeding
DRIVING VEHICLE IN EXCESS OF REASONABLE AND PRUDENT SPEED ON HIGHWAY 50/30,Speeding
DRIVING VEHICLE IN EXCESS OF REASONABLE AND PRUDENT SPEED ON HIGHWAY 60 IN 45),Speeding
DRIVING VEHICLE IN EXCESS OF REASONABLE AND PRUDENT SPEED ON HIGHWAY 40 MPH,Speeding
DRIVING VEHICLE IN EXCESS OF REASONABLE AND PRUDENT SPEED ON HIGHWAY 85/55,Speeding
DRIVING VEHICLE IN EXCESS OF REASONABLE AND PRUDENT SPEED ON HIGHWAY 30,Speeding
DRIVING VEHICLE IN EXCESS OF REASONABLE AND PRUDENT SPEED ON HIGHWAY 60 IN 40,Speeding
DRIVING VEHICLE IN EXCESS OF REASONABLE AND PRUDENT SPEED ON HIGHWAY 61MPH,Speeding
DRIVING VEHICLE IN EXCESS OF REASONABLE AND PRUDENT SPEED ON HIGHWAY 53,Speeding
DRIVING VEHICLE IN EXCESS OF REASONABLE AND PRUDENT SPEED ON HIGHWAY 62,Speeding
DRIVING VEHICLE IN EXCESS OF REASONABLE AND PRUDENT SPEED ON HIGHWAY 59,Speeding
DRIVING VEHICLE IN EXCESS OF REASONABLE AND PRUDENT SPEED ON HIGHWAY 60/45,Speeding
DRIVING VEHICLE IN EXCESS OF REASONABLE AND PRUDENT SPEED ON HIGHWAY 85,Speeding
DRIVING VEHICLE IN EXCESS OF REASONABLE AND PRUDENT SPEED ON HIGHWAY 55MPH,Speeding
DRIVING VEHICLE IN EXCESS OF REASONABLE AND PRUDENT SPEED ON HIGHWAY 43/30,Speeding
DRIVING VEHICLE IN EXCESS OF REASONABLE AND PRUDENT SPEED ON HIGHWAY 65MPH,Speeding
DRIVING VEHICLE IN EXCESS OF REASONABLE AND PRUDENT SPEED ON HIGHWAY 47/30,Speeding
DRIVING VEHICLE IN EXCESS OF REASONABLE AND PRUDENT SPEED ON HIGHWAY 45 MPH,Speeding
DRIVING VEHICLE IN EXCESS OF REASONABLE AND PRUDENT SPEED ON HIGHWAY 47,Speeding
DRIVING VEHICLE IN EXCESS OF REASONABLE AND PRUDENT SPEED ON HIGHWAY 50/35,Speeding
DRIVING VEHICLE IN EXCESS OF REASONABLE AND PRUDENT SPEED ON HIGHWAY 52,Speeding
DRIVING VEHICLE IN EXCESS OF REASONABLE AND PRUDENT SPEED ON HIGHWAY 49/30,Speeding
DRIVING VEHICLE IN EXCESS OF REASONABLE AND PRUDENT SPEED ON HIGHWAY 50 MPH,Speeding
DRIVING VEHICLE IN EXCESS OF REASONABLE AND PRUDENT SPEED ON HIGHWAY 55 MPH,Speeding
DRIVING VEHICLE IN EXCESS OF REASONABLE AND PRUDENT SPEED ON HIGHWAY 74/55,Speeding
DRIVING VEHICLE IN EXCESS OF REASONABLE AND PRUDENT SPEED ON HIGHWAY 80MPH,Speeding
DRIVING VEHICLE IN EXCESS OF REASONABLE AND PRUDENT SPEED ON HIGHWAY 35 MPH,Speeding
DRIVING VEHICLE IN EXCESS OF REASONABLE AND PRUDENT SPEED ON HIGHWAY 65/45,Speeding
DRIVING VEHICLE IN EXCESS OF REASONABLE AND PRUDENT SPEED ON HIGHWAY 63,Speeding
DRIVING VEHICLE IN EXCESS OF REASONABLE AND PRUDENT SPEED ON HIGHWAY 75/55,Speeding
DRIVING VEHICLE IN EXCESS OF REASONABLE AND PRUDENT SPEED ON HIGHWAY 45MPH,Speeding
DRIVING VEHICLE IN EXCESS OF REASONABLE AND PRUDENT SPEED ON HIGHWAY 51,Speeding
DRIVING VEHICLE IN EXCESS OF REASONABLE AND PRUDENT SPEED ON HIGHWAY 61,Speeding
DRIVING VEHICLE IN EXCESS OF REASONABLE AND PRUDENT SPEED ON HIGHWAY 20+,Speeding
DRIVING VEHICLE IN EXCESS OF REASONABLE AND PRUDENT SPEED ON HIGHWAY 60 MPH,Speeding
DRIVING VEHICLE IN EXCESS OF REASONABLE AND PRUDENT SPEED ON HIGHWAY 73/55,Speeding
DRIVING VEHICLE IN EXCESS OF REASONABLE AND PRUDENT SPEED ON HIGHWAY 49,Speeding
DRIVING VEHICLE IN EXCESS OF REASONABLE AND PRUDENT SPEED ON HIGHWAY 62MPH,Speeding
DRIVING VEHICLE IN EXCESS OF REASONABLE AND PRUDENT SPEED ON HIGHWAY 55/40,Speeding
DRIVING VEHICLE IN EXCESS OF REASONABLE AND PRUDENT SPEED ON HIGHWAY 77/55,Speeding
DRIVING VEHICLE IN EXCESS OF REASONABLE AND PRUDENT SPEED ON HIGHWAY 100,Speeding
DRIVING VEHICLE IN EXCESS OF REASONABLE AND PRUDENT SPEED ON HIGHWAY 62/45,Speeding
DRIVING VEHICLE IN EXCESS OF REASONABLE AND PRUDENT SPEED ON HIGHWAY 70/55,Speeding
DRIVING VEHICLE IN EXCESS OF REASONABLE AND PRUDENT SPEED ON HIGHWAY 42/30,Speeding
DRIVING VEHICLE IN EXCESS OF REASONABLE AND PRUDENT SPEED ON HIGHWAY 52/30,Speeding
DRIVING VEHICLE IN EXCESS OF REASONABLE AND PRUDENT SPEED ON HIGHWAY),Speeding
DRIVING VEHICLE IN EXCESS OF REASONABLE AND PRUDENT SPEED ON HIGHWAY 63MPH,Speeding
DRIVING VEHICLE IN EXCESS OF REASONABLE AND PRUDENT SPEED ON HIGHWAY 50MPH,Speeding
DRIVING VEHICLE IN EXCESS OF REASONABLE AND PRUDENT SPEED ON HIGHWAY 55/35,Speeding
DRIVING VEHICLE IN EXCESS OF REASONABLE AND PRUDENT SPEED ON HIGHWAY 64,Speeding
DRIVING VEHICLE IN EXCESS OF REASONABLE AND PRUDENT SPEED ON HIGHWAY 51/30,Speeding
DRIVING VEHICLE IN EXCESS OF REASONABLE AND PRUDENT SPEED,Speeding
DRIVING VEHICLE IN EXCESS OF REASONABLE AND PRUDENT SPEED ON HIGHWAY 44,Speeding
DRIVING VEHICLE IN EXCESS OF REASONABLE AND PRUDENT SPEED ON HIGHWAY 53/30,Speeding
DRIVING VEHICLE IN EXCESS OF REASONABLE AND PRUDENT SPEED ON HIGHWAY 61/45,Speeding
DRIVING VEHICLE IN EXCESS OF REASONABLE AND PRUDENT SPEED ON HIGHWAY 75MPH,Speeding
DRIVING VEHICLE IN EXCESS OF REASONABLE AND PRUDENT SPEED ON HIGHWAY 67,Speeding
DRIVING VEHICLE IN EXCESS OF REASONABLE AND PRUDENT SPEED ON HIGHWAY 70/50,Speeding
DRIVING VEHICLE IN EXCESS OF REASONABLE AND PRUDENT SPEED ON HIGHWAY 62 IN 45,Speeding
DRIVING VEHICLE IN EXCESS OF REASONABLE AND PRUDENT SPEED ON HIGHWAY 80 MPH,Speeding
FAILURE OF DRIVER TO SLOW TO A REASONABLE AND PRUDENT SPEED WHILE PASSING STOPPED EMERG. VEH.,Speeding
FAILURE STOP AND YIELD AT THRU HWY,Stop Fail to
FAILURE TO STOP AT STOP SIGN,Stop Fail to
FAILURE TO STOP WHEN ENTERING HIGHWAY,Stop Fail to
FAILURE TO STOP AFTER ACCIDENT INVOLVING DAMAGE TO ATTENDED VEH.,Stop Fail to
FAILURE TO STOP AT STOP SIGN AT NEAREST POINT OF APPROACHING TRAFFIC VIEW,Stop Fail to
FAILURE TO STOP AFTER ACCIDENT INVOLVING DAMAGE TO ATTENDED VEH,Stop Fail to
"FAILURE TO STOP AFTER ACCIDENT INVOLVING DAMAGE TO ATTENDED VEH., PROPERTY",Stop Fail to
FAILURE TO STOP VEH. WITHIN 12 INCHES OF RIGHT CURB,Stop Fail to
FAILURE TO STOP AFTER ACCIDENT INVOLVING DAMAGE TO ATTENDED VEHICLE,Stop Fail to
"FAILURE TO STOP AFTER ACCIDENT INVOLVING DAMAGE TO ATTENDED VEH.,",Stop Fail to
FAILURE TO STOP AFTER ACCIDENT INVOLVING DAMAGE TO ATTENDED PROPERTY,Stop Fail to
FAILING TO STOP UNTIL SAFE TO CONTINUE THROUGH INTERSECTION W/NONFUNCT. TRAF. SIGNAL,Stop Fail to
FAILING TO STOP UNTIL SAFE TO ENTER INTERSECTION W/NONFUNCT. TRAF. SIGNAL,Stop Fail to
FAILURE TO STOP AT STOP LINE,Stop Fail to
"FAILING TO STOP UNTIL SAFE TO ENTER, CONTINUE THROUGH INTERSECTION W/NONFUNCT. TRAF. SIGNAL",Stop Fail to
DRIVER FAIL TO STOP AT FLASHING RED TRAFFIC SIGNAL STOP LINE,Stop Fail to
DRIVER FAIL TO STOP AT RED TRAFFIC SIGNAL BEFORE RIGHT TURN,Stop Fail to
DRIVER FAIL TO STOP AT STEADY RED ARROW SIGNAL,Stop Fail to
DRIVER FAIL TO STOP AT STEADY CIRCULAR RED SIGNAL,Stop Fail to
DRIVER FAIL TO STOP AT STEADY CIRCULAR RED SIGNAL OR AT STEADY RED ARROW SIGNAL,Stop Fail to
DRIVER FAIL TO STOP AT RED TRAFFIC SIGNAL BEFORE ANY OTHER TURN,Stop Fail to
DRIVER FAIL TO STOP AT YIELD SIGN AT NEAREST POINTOF APPROACHING TRAFFIC VIEW WHEN REQ. FOR SAFETY,Stop Fail to
DRIVER FAILURE TO STOP AT STOP SIGN LINE,Stop Fail to
DRIVER FAILURE TO STOP AT STEADY CIRCULAR RED SIGNAL,Stop Fail to
DRIVER FAILURE TO STOP FOR PEDESTRIAN IN CROSSWALK,Stop Fail to
DRIVER FAILURE TO STOP FOR PEDESTRIAN IN CROSSWALKNOT CONTRIBUTING TO ACCIDENT,Stop Fail to
DRIVER FAILURE TO STOP AT INTERSECTION HWY. STOP SIGN AND YIELD RIGHT-OF-WAY,Stop Fail to
DRIVER FAILURE TO STOP AT STOP SIGN BEFORE ENTERING CROSSWALK,Stop Fail to
DRIVER FAILING TO STOP AT RED SIGNAL BEFORE LEFT TURN,Stop Fail to
DRIVER FAILURE TO STOP BEFORE ENTERING HWY. FROM PRIVATE DRIVEWAY,Stop Fail to
"DRIVER FAILING TO STOP AT RED SIGNAL BEFORE LEFT TURN, MAKING IMPROPER LEFT TURN AT RED SIGNAL",Stop Fail to
DRIVER FAILURE TO STOP BEFORE ENTERING HWY. FROM PRIVATE ROAD,Stop Fail to
"DRIVER FAILURE TO STOP BEFORE SIDEWALK AFTER EMERGING FROM ALLEY, DRIVEWAY, BUILDING",Stop Fail to
"DRIVER FAILURE TO STOP BEFORE ENTERING, CROSSING HWY. FROM PRIVATE ROAD, DRIVEWAY",Stop Fail to
DRIVER FAILURE TO STOP BEFORE SIDEWALK AFTER EMERGING FROM DRIVEWAY,Stop Fail to
DRIVER FAILURE TO STOP BEFORE ENTERING HWY. FROM PRIVATE  DRIVEWAY,Stop Fail to
DRIVER FAILURE TO STOP FOR PEDESTRIAN IN CROSSWALK NOT CONTRIBUTING TO ACCIDENT,Stop Fail to
DRIVER FAILURE TO STOP AND YIELD RIGHT-OF-WAY FOR OFFICIAL VEH. USING AUDIBLE AND VISUAL SIGNAL,Stop Fail to
DRIVER PASSING VEH. STOPPED FOR PEDESTRIAN AT CROSSWALK,Stop Fail to
FAILURE OF DRIVER TO STOP UPON APPROACH BY POLICE VEH. USING SIGNALS,Stop Fail to
TRAILER W/O REQUIRED STOP LAMPS EQUIPMENT,Stop Fail to
FAILURE OF DRIVER TO STOP UPON APPROACH BY  POLICE VEH. USING SIGNALS,Stop Fail to
FAILURE OF DRIVER TO STOP UPON APPROACH BY EMERGENCY VEH. USING SIGNALS,Stop Fail to
MOTOR VEH W/O REQUIRED STOP LAMPS EQUIPMENT,Stop Fail to
MOTOR VEH.W/O REQUIRED STOP LAMPS EQUIPMENT,Stop Fail to
FAILURE TO IMMEDIATELY STOP VEH. AT SCENE OF ACCIDENT INVOLVING BODILY INJURY,Stop Fail to
MOTOR VEH. W/O REQUIRED STOP LAMPS EQUIPMENT,Stop Fail to
MOTOR VEH  W/O REQUIRED STOP LAMPS EQUIPMENT,Stop Fail to
"MOTOR VEH.,W/O REQUIRED STOP LAMPS EQUIPMENT",Stop Fail to
MOTOR VEH.  W/O REQUIRED STOP LAMPS EQUIPMENT,Stop Fail to
"MOTOR VEH., W/O REQUIRED STOP LAMPS EQUIPMENT",Stop Fail to
FAILURE TO MAKE REQUIRED STOP AT PAVEMENT MARK,Stop Fail to
FAILURE OF VEH. DRIVER TO STOP AFTER UNATTENDED VEH. DAMAGE ACCIDENT,Stop Fail to
FAILURE OF VEH. DRIVER TO STOP AFTER UNATTENDED PROPERTY DAMAGE ACCIDENT,Stop Fail to
"FAILURE OF VEH. DRIVER TO STOP AFTER UNATTENDED VEH., PROPERTY DAMAGE ACCIDENT",Stop Fail to
FAILURE OF VEH. DRIVER TO STOP AFTER UNATTENDED VEH DAMAGE ACCIDENT,Stop Fail to
PARKING VEH. W/I 30 FT OF STOP SIGN,Stop Fail to
FAILURE OF VEH. DRIVER TO STOP AFTER UNATTENDED VEH.DAMAGE ACCIDENT,Stop Fail to
DRIVER STARTING VEH. FROM STOPPED POSITION WHEN UNSAFE,Stop Fail to
FAILURE OF VEH. DRIVER TO STOP AFTER UNATTENDED VEHICLE DAMAGE ACCIDENT,Stop Fail to
"MOTOR VEH.,  W/O REQUIRED STOP LAMPS EQUIPMENT",Stop Fail to
FAILURE OF VEH. DRIVER TO STOP AFTER UNATTENDED  PROPERTY DAMAGE ACCIDENT,Stop Fail to
"FAILURE OF VEH. DRIVER TO STOP AFTER UNATTENDED VEH., DAMAGE ACCIDENT",Stop Fail to
MOTOR VEHICLE W/O REQUIRED STOP LAMPS EQUIPMENT,Stop Fail to
"LEAVING UNATTENDED VEH. W/O STOPPING ENGINE, LOCKING IGNITION, REMOVING KEY & SETTING BRAKE",Stop Fail to
DRIVER FAIL TO MAKE REQUIRED STOP AT SIGN,Stop Fail to
DRIVER FAIL TO MAKE REQUIRED STOP AT PAVEMENT MARK,Stop Fail to
DRIVER FAIL TO MAKE REQUIRED STOP AT SIGNAL,Stop Fail to
DRIVER FAIL TO MAKE REQUIRED STOP AT  SIGN,Stop Fail to
"DRIVER FAIL TO MAKE REQUIRED STOP AT SIGNAL, SIGN, PAVEMENT MARK",Stop Fail to
"DRIVER FAIL TO MAKE REQUIRED STOP AT SIGN, PAVEMENT MARK",Stop Fail to
DRIVER FAIL TO MAKE REQUIRED STOP AT SIGN.,Stop Fail to
DRIVER FAIL TO MAKE REQUIRED STOP AT  PAVEMENT MARK,Stop Fail to
DRIVER FAIL TO MAKE REQUIRED STOP AT STOP SIGN,Stop Fail to
"DRIVER FAIL TO MAKE REQUIRED STOP AT SIGN,",Stop Fail to
FAILURE TO EQUIP VEH. WITH REQUIRED REAR STOP LAMP,Stop Fail to
ATTEMPT BY DRIVER TO ELUDE UNIFORMED POLICE BY FAILING TO STOP,Stop Fail to
"MOTOR VEH., TRAILER, SEMI-TRAILER, POLE TRAILER W/O REQUIRED STOP LAMPS EQUIPMENT",Stop Fail to
FAILURE TO EQUIP SPECIAL MOBILE EQUIPMENT BEING TOWED WITH TWO STOP LAMPS AS REQUIRED,Stop Fail to
DRIVER ENTERING CROSSWALK AT FLASHING RED TRAFFIC SIGNAL WITHOUT STOPPING,Stop Fail to
DRIVER ENTERING INTERSECTION AT FLASHING RED TRAFFIC SIGNAL WITHOUT STOPPING,Stop Fail to
FAILURE OF DR. TO MAKE LANE CHANGE TO AVAIL. LANE NOT IMMED. ADJ. TO STOPPED EMERG. VEH,Stop Fail to
"FAILURE OF DR. TO MAKE LANE CHANGE TO AVAIL. LANE NOT IMMED. ADJ. TO STOPPED EMERG. VEH,",Stop Fail to
"FAILURE OF DR. TO MAKE LANE CHANGE TO AVAIL. LANE NOT IMMED. ADJ. TO STOPPED EMERG. VEH, TOW TRUCK",Stop Fail to
FAILURE OF DR. TO MAKE LANE CHANGE TO AVAIL. LANE NOT IMMED. ADJ. TO STOPPED EMERG. VEH.,Stop Fail to
FAILURE OF DR. APPR. NONFUNCT. TRAF. CONTRL SIGNALAT INTERSECTION TO STOP BEFORE ENTERING INTERSECT.,Stop Fail to
FAILURE OF DR. TO MAKE LANE CHANGE TO AVAIL. LANE NOT IMMED. ADJ. TO STOPPED EMERG. VEHICLE,Stop Fail to
FAILURE OF DR. TO MAKE LANE CHANGE TO AVAIL. LANE NOT IMMED. ADJ. TO STOPPED,Stop Fail to
FAILURE OF DR. TO MAKE LANE CHANGE TO AVAIL. LANE NOT IMMED. ADJ. TO STOPPED EMERGENCY VEHICLE,Stop Fail to
FAILURE OF DR. TO MAKE LANE CHANGE TO AVAIL. LANE NOT IMMED. ADJ. TO STOPPED EMERG VEH,Stop Fail to
FAILURE OF DR. TO MAKE LANE CHANGE TO AVAIL. LANE NOT IMMED. ADJ. TO STOPPED TOW TRUCK,Stop Fail to
OPERATING A ROLLBACK VEHICLE WHILE TOWING A VEHICLE WITHOUT REQUIRED STOP LAMPS & TURN SIGNALS,Stop Fail to
ATTEMPT BY DRIVER TO ELUDE UNIFORMED POLICE BY MEANS OTHER THAN FAIL TO STOP AND FLEEING ON FOOT,Stop Fail to
ATTEMPT BY DRIVER TO ELUDE POLICE IN OFFICIAL POLICE VEHICLE BY FAILING TO STOP,Stop Fail to
FAILURE OF DRIVER TO MAKE LANE CHANGE TO AVAILABLELANE NOT IMMED. ADJACENT TO STOPPED EMERG. VEH.,Stop Fail to
ATTEMPT BY DRIV TO ELUDE POLICE IN OFFCAL POLICE VEH. BY MEANS OTHER THAN FAIL STOP & FLEE BY FOOT,Stop Fail to
FAILURE OF DRIVER APPROACHING NONFUNCT. TRAFFIC CONTRL SIGNAL AT INTERSECTION TO STOP AT STOP LINE,Stop Fail to
STOPPING VEH. ON CROSSWALK,Stop Wrong Place
"STOPPING, STANDING, PARKING VEH. WHERE PROHIBITED BY OFFICIAL SIGN",Stop Wrong Place
STOPPING VEH. IN INTERSECTION,Stop Wrong Place
STOPPING VEH. WHERE PROHIBITED BY OFFICIAL SIGN,Stop Wrong Place
STOPPING VEH. ON HWY. OUTSIDE BUSINESS & RESIDENTIAL DISTRICT,Stop Wrong Place
"STOPPING, STANDING, PARKING VEH. ON CROSSWALK",Stop Wrong Place
"STOPPING, PARKING, LEAVING STANDING VEH. ON HWY. OUTSIDE BUSINESS & RESIDENTIAL DISTRICT",Stop Wrong Place
STOPPING  VEH. ON CROSSWALK,Stop Wrong Place
STOPPING ON AUTHORITY HIGHWAY WHEN PROHIBITED,Stop Wrong Place
STOPPING VEH. ON PRIVATE PROPERTY W/O PERMISSION,Stop Wrong Place
STOPPING VEH. ON HWY. WITH LESS THAN 200 FT. VISIBILITY,Stop Wrong Place
"STOPPING, STANDING OR PARKING VEH IN FRONT OF CURBRAMP DESIGNED FOR USE OF INDIVIDUAL W/DISABILITIES",Stop Wrong Place
STOPPING  VEH. IN INTERSECTION,Stop Wrong Place
"STOPPING, VEH. ON CROSSWALK",Stop Wrong Place
STOPPING VEH. ON SIDEWALK,Stop Wrong Place
"STOPPING, STANDING, PARKING VEH. IN INTERSECTION",Stop Wrong Place
"UNAUTH STOPPING, STANDING OR PARKING IN SPACE RESTRICTED FOR USE OF INDIVIDUALS WITH DISABILITIES",Stop Wrong Place
FAILURE OF VEH. DRIVER IN ACCIDENT TO LOCATE AND NOTIFY OWNER OF UNATTENDED VEHICLE OF DAMAGE,Wrong Info
FAILURE MOTOR VEH. DRIVER TO FURNISH WRITTEN I.D. INFO. IN UNATTENDED DAMAGED VEH.,
"FAILURE MOTOR VEH. DRIVER TO FURNISH WRITTEN I.D. INFO. IN,ON UNATTENDED DAMAGED VEH., PROPERTY",
FAILURE MOTOR VEH. DRIVER TO FURNISH WRITTEN I.D. INFO. ON UNATTENDED DAMAGED PROPERTY,
FAILURE MOTOR VEH. DRIVER TO FURNISH WRITTEN I.D. INFO. ON UNATTENDED DAMAGED VEH,
FAILURE MOTOR VEH. DRIVER TO FURNISH WRITTEN I.D. INFO. ON UNATTENDED DAMAGED VEH.,
"FAILURE MOTOR VEH. DRIVER TO FURNISH WRITTEN I.D. INFO. ON UNATTENDED DAMAGED VEH.,",
"FAILURE MOTOR VEH. DRIVER TO FURNISH WRITTEN I.D. INFO. ON UNATTENDED DAMAGED VEH., PROPERTY",
FAILURE MOTOR VEH. DRIVER TO FURNISH WRITTEN I.D. INFO. ON UNATTENDED DAMAGED VEHICLE,
FAILURE NOTIFY ADM. ADDRESS CHANGE,
FAIL VEH DRIVER IN ACC.TO RPT ATTENDED VEH. DAMAGE TO NEAREST POLICE,
FAIL VEH DRIVER IN ACC.TO RPT PROP DAMAGE TO NEAREST POLICE,
FAIL VEH DRIVER IN ACC.TO RPT. ATTENDED VEH. DAMAGE TO NEAREST POLICE,
FAIL VEH DRIVER IN ACC.TO RPT. PROP DAMAGE TO NEAREST POLICE,
FAIL VEH DRIVER IN ACC.TO RPT.ATTENDED VEH. DAMAGE TO NEAREST POLICE,
FAIL VEH DRIVER IN ACC.TO RPT.PROP DAMAGE TO NEAREST POLICE,
FAIL VEH DRIVER IN ACC.TO RPT.PROP DAMAGETO NEAREST POLICE,
FAILURE OF TRANSFEREE OF VEH. TO PROMPTLY APPLY FOR NEW TITLE CERTIFICATE,
FAILURE OF TRANSFEREE TO APPLY FOR AND OBTAIN NEW REG. OF VEH. BEFORE DRIVING ON HWY.,
FAILURE OF VEH. DRIVER IN ACCIDENT TO LOCATE AND NOTIFY OWNER OF UNATTENDED PROPERY OF DAMAGE,
FAILURE OF VEH. DRIVER IN ACCIDENT TO LOCATE AND NOTIFY OWNER OF UNATTENDED VEH OF DAMAGE,
FAILURE OF VEH. DRIVER IN ACCIDENT TO LOCATE AND NOTIFY OWNER OF UNATTENDED VEH. OF DAMAGE,
"FAILURE OF VEH. DRIVER IN ACCIDENT TO LOCATE AND NOTIFY OWNER OF UNATTENDED VEH.,PROPERY OF DAMAGE",
FAILURE OF VEH. DRIVER IN ACCIDENT TO LOCATE AND NOTIFY OWNER OF UNATTENDED VEH.OF DAMAGE,
"FAILURE OF VEH. DRIVER IN ACCIDENT TO LOCATE AND NOTIFY OWNER OF UNATTENDEDVEH.,PROPERYOF DAMAGE",
FAILURE OF VEH. DRIVER IN ACCIDENT TO LOCATE AND NOTIFY OWNER OF UNATTENDEDVEH.OF DAMAGE,
FAILURE OF VEH. DRIVER INVOLVED IN ACCIDENT TO GIVE INSURANCE POLICY INFORMATION,
FAILURE OF VEH. OWNER TO FURNISH ADM. REQUIRED INSURANCE EVIDENCE AFTER BODILY INJURY ACCIDENT,
FAILURE OF VEHICLE OWNER TO NOTIFY ADM. ON REQUIRED FORM OF VEHICLE INFORMATION CHANGE,
FAILURE TO NOTIFY ADM. OF ADDRESS CHANGE WITHIN 30 DAYS,
FAILURE TO NOTIFY ADM. OF NAME CHANGE WITH 30 DAYS,
FAILURE TO PROVIDE TRUTHFULL IDENTIFICATION,
FALSIFYING/ATTEMPT FALSIFY WITH FRAUDULENT INTENT OFFICIAL DOCUMENT/PLATE ISSUED BY AD.,
KNOWINGLY GIVING FALSE ACCIDENT REPORT INFORMATION,
PERSON FAILURE TO RETURN TO ADM SUSPENDED REG. CARD,
PERSON KNOWINGLY INSERTING FALSE INFORMATION ON TEMP. REG. PLATE,
COMMERICAL DRIVER FAILURE TO NOTIFY MVA WITHIN 30 DAYS OF ADDRESS CHANGE,
OWNER FAILURE TO APPLY FOR TITLE CERT. FOR INSTATE VEH.,
OWNER FAILURE TO APPLY TO ADM. FOR REG OF VEH. SUBJECT TO REG.,
OWNER FAILURE TO EXECUTE SECURITY INTEREST INFO. ON VEH. TITLE CERT.,
OWNER FAILURE TO MAINTAIN REQUIRED SECURITY FOR VEH. DURING REG. PERIOD,
OWNER FAILURE TO RETURN TO ADM SUSPENDED REG. CARD,
OWNER FAILURE TO SURENDER REG. EVIDENCES WITHIN 48 HOURS AFTER NOTICE OF SUSPENSION,
VEH. DRIVER GIVING FALSE AND FICTITIOUS NAME TO UNIFORMED POLICE,
